{
  "target_temperature_2m_max": 25.078807830810547,
  "target_temperature_2m_min": 17.86732292175293,
  "target_temperature_2m_mean": 21.369701385498047,
  "target_will_rain": 0.3760426342487335,
  "target_windspeed_10m_max": 20.541704177856445
}