{
  "target_temperature_2m_max": 25.176496505737305,
  "target_temperature_2m_min": 17.953107833862305,
  "target_temperature_2m_mean": 21.455810546875,
  "target_will_rain": 0.3775279223918915,
  "target_windspeed_10m_max": 20.583843231201172
}