{
  "target_temperature_2m_max": 18.250146865844727,
  "target_temperature_2m_min": 11.597506523132324,
  "target_temperature_2m_mean": 15.14111042022705,
  "target_will_rain": 0.4894571602344513,
  "target_windspeed_10m_max": 19.062158584594727
}