{
  "target_temperature_2m_max": 18.153417587280273,
  "target_temperature_2m_min": 11.59346866607666,
  "target_temperature_2m_mean": 15.129467964172363,
  "target_will_rain": 0.4350382387638092,
  "target_windspeed_10m_max": 18.85230255126953
}