{
  "target_temperature_2m_max": 20.47991180419922,
  "target_temperature_2m_min": 13.244949340820312,
  "target_temperature_2m_mean": 17.17720603942871,
  "target_will_rain": 0.505389928817749,
  "target_windspeed_10m_max": 20.544275283813477
}