{
  "target_temperature_2m_max": 23.62092399597168,
  "target_temperature_2m_min": 16.40016746520996,
  "target_temperature_2m_mean": 20.054418563842773,
  "target_will_rain": 0.3998268246650696,
  "target_windspeed_10m_max": 20.317445755004883
}