{
  "target_temperature_2m_max": 14.177604675292969,
  "target_temperature_2m_min": 8.452530860900879,
  "target_temperature_2m_mean": 11.490769386291504,
  "target_will_rain": 0.48308929800987244,
  "target_windspeed_10m_max": 16.73577308654785
}