{
  "target_temperature_2m_max": 19.144983291625977,
  "target_temperature_2m_min": 12.252453804016113,
  "target_temperature_2m_mean": 15.94037914276123,
  "target_will_rain": 0.4781552851200104,
  "target_windspeed_10m_max": 19.6141414642334
}