{
  "target_temperature_2m_max": 25.132177352905273,
  "target_temperature_2m_min": 17.904497146606445,
  "target_temperature_2m_mean": 21.409936904907227,
  "target_will_rain": 0.37593379616737366,
  "target_windspeed_10m_max": 20.570581436157227
}