{
  "target_temperature_2m_max": 21.80559730529785,
  "target_temperature_2m_min": 14.5214262008667,
  "target_temperature_2m_mean": 18.42186164855957,
  "target_will_rain": 0.4675239622592926,
  "target_windspeed_10m_max": 20.5188045501709
}