{
  "target_temperature_2m_max": 21.430025100708008,
  "target_temperature_2m_min": 14.193395614624023,
  "target_temperature_2m_mean": 18.0921688079834,
  "target_will_rain": 0.48867347836494446,
  "target_windspeed_10m_max": 20.408903121948242
}