{
  "target_temperature_2m_max": 20.3106746673584,
  "target_temperature_2m_min": 13.273811340332031,
  "target_temperature_2m_mean": 17.057321548461914,
  "target_will_rain": 0.4964325726032257,
  "target_windspeed_10m_max": 19.83228302001953
}