{
  "target_temperature_2m_max": 24.413705825805664,
  "target_temperature_2m_min": 17.225751876831055,
  "target_temperature_2m_mean": 20.770469665527344,
  "target_will_rain": 0.3806690573692322,
  "target_windspeed_10m_max": 20.379863739013672
}