{
  "target_temperature_2m_max": 21.652740478515625,
  "target_temperature_2m_min": 14.390054702758789,
  "target_temperature_2m_mean": 18.29282569885254,
  "target_will_rain": 0.4793751537799835,
  "target_windspeed_10m_max": 20.43829917907715
}