{
  "target_temperature_2m_max": 24.33342742919922,
  "target_temperature_2m_min": 17.10797882080078,
  "target_temperature_2m_mean": 20.688495635986328,
  "target_will_rain": 0.38427284359931946,
  "target_windspeed_10m_max": 20.39887809753418
}