{
  "target_temperature_2m_max": 19.924915313720703,
  "target_temperature_2m_min": 12.867326736450195,
  "target_temperature_2m_mean": 16.680505752563477,
  "target_will_rain": 0.490019291639328,
  "target_windspeed_10m_max": 20.006669998168945
}