{
  "target_temperature_2m_max": 19.645490646362305,
  "target_temperature_2m_min": 12.607954978942871,
  "target_temperature_2m_mean": 16.435476303100586,
  "target_will_rain": 0.48030444979667664,
  "target_windspeed_10m_max": 19.906314849853516
}