{
  "target_temperature_2m_max": 21.243776321411133,
  "target_temperature_2m_min": 13.963048934936523,
  "target_temperature_2m_mean": 17.915325164794922,
  "target_will_rain": 0.5108637809753418,
  "target_windspeed_10m_max": 20.514497756958008
}