{
  "target_temperature_2m_max": 25.11750030517578,
  "target_temperature_2m_min": 17.893766403198242,
  "target_temperature_2m_mean": 21.39728355407715,
  "target_will_rain": 0.37531283497810364,
  "target_windspeed_10m_max": 20.559749603271484
}