{
  "target_temperature_2m_max": 25.172767639160156,
  "target_temperature_2m_min": 17.94303321838379,
  "target_temperature_2m_mean": 21.44688606262207,
  "target_will_rain": 0.3753480017185211,
  "target_windspeed_10m_max": 20.583084106445312
}