{
  "target_temperature_2m_max": 23.09574317932129,
  "target_temperature_2m_min": 15.872005462646484,
  "target_temperature_2m_mean": 19.58783531188965,
  "target_will_rain": 0.4132862091064453,
  "target_windspeed_10m_max": 20.29951286315918
}