{
  "target_temperature_2m_max": 18.253154754638672,
  "target_temperature_2m_min": 11.587576866149902,
  "target_temperature_2m_mean": 15.177655220031738,
  "target_will_rain": 0.4671904146671295,
  "target_windspeed_10m_max": 18.987276077270508
}