{
  "target_temperature_2m_max": 17.553499221801758,
  "target_temperature_2m_min": 10.970274925231934,
  "target_temperature_2m_mean": 14.49673080444336,
  "target_will_rain": 0.5055705904960632,
  "target_windspeed_10m_max": 18.879850387573242
}