{
  "target_temperature_2m_max": 21.831281661987305,
  "target_temperature_2m_min": 14.61300277709961,
  "target_temperature_2m_mean": 18.449296951293945,
  "target_will_rain": 0.4395734369754791,
  "target_windspeed_10m_max": 20.356027603149414
}