{
  "target_temperature_2m_max": 20.1298770904541,
  "target_temperature_2m_min": 13.018619537353516,
  "target_temperature_2m_mean": 16.908674240112305,
  "target_will_rain": 0.5030000805854797,
  "target_windspeed_10m_max": 20.232934951782227
}