{
  "target_temperature_2m_max": 25.184175491333008,
  "target_temperature_2m_min": 17.957305908203125,
  "target_temperature_2m_mean": 21.4621639251709,
  "target_will_rain": 0.37697866559028625,
  "target_windspeed_10m_max": 20.592365264892578
}