{
  "target_temperature_2m_max": 20.7745361328125,
  "target_temperature_2m_min": 13.648411750793457,
  "target_temperature_2m_mean": 17.466642379760742,
  "target_will_rain": 0.48154416680336,
  "target_windspeed_10m_max": 19.897350311279297
}