{
  "target_temperature_2m_max": 23.192642211914062,
  "target_temperature_2m_min": 15.929322242736816,
  "target_temperature_2m_mean": 19.681425094604492,
  "target_will_rain": 0.44012340903282166,
  "target_windspeed_10m_max": 20.300291061401367
}