{
  "target_temperature_2m_max": 25.170557022094727,
  "target_temperature_2m_min": 17.948326110839844,
  "target_temperature_2m_mean": 21.449846267700195,
  "target_will_rain": 0.37632930278778076,
  "target_windspeed_10m_max": 20.58140754699707
}