{
  "target_temperature_2m_max": 22.391420364379883,
  "target_temperature_2m_min": 15.073458671569824,
  "target_temperature_2m_mean": 18.97279930114746,
  "target_will_rain": 0.4917472302913666,
  "target_windspeed_10m_max": 20.45100212097168
}