{
  "target_temperature_2m_max": 24.870830535888672,
  "target_temperature_2m_min": 17.654884338378906,
  "target_temperature_2m_mean": 21.17214584350586,
  "target_will_rain": 0.37508484721183777,
  "target_windspeed_10m_max": 20.492717742919922
}