{
  "target_temperature_2m_max": 16.275352478027344,
  "target_temperature_2m_min": 9.978592872619629,
  "target_temperature_2m_mean": 13.26986026763916,
  "target_will_rain": 0.5466121435165405,
  "target_windspeed_10m_max": 18.376300811767578
}