{
  "target_temperature_2m_max": 22.60141944885254,
  "target_temperature_2m_min": 15.412370681762695,
  "target_temperature_2m_mean": 19.138898849487305,
  "target_will_rain": 0.41038522124290466,
  "target_windspeed_10m_max": 20.215007781982422
}