{
  "target_temperature_2m_max": 16.141996383666992,
  "target_temperature_2m_min": 9.831750869750977,
  "target_temperature_2m_mean": 13.127245903015137,
  "target_will_rain": 0.517995297908783,
  "target_windspeed_10m_max": 18.433929443359375
}