{
  "target_temperature_2m_max": 18.501039505004883,
  "target_temperature_2m_min": 11.802557945251465,
  "target_temperature_2m_mean": 15.379405975341797,
  "target_will_rain": 0.48368796706199646,
  "target_windspeed_10m_max": 19.16347885131836
}