{
  "target_temperature_2m_max": 20.41132926940918,
  "target_temperature_2m_min": 13.406591415405273,
  "target_temperature_2m_mean": 17.146764755249023,
  "target_will_rain": 0.4338405430316925,
  "target_windspeed_10m_max": 19.9649715423584
}