{
  "target_temperature_2m_max": 19.894681930541992,
  "target_temperature_2m_min": 12.857380867004395,
  "target_temperature_2m_mean": 16.695068359375,
  "target_will_rain": 0.512700080871582,
  "target_windspeed_10m_max": 20.066553115844727
}