{
  "target_temperature_2m_max": 25.248971939086914,
  "target_temperature_2m_min": 18.012950897216797,
  "target_temperature_2m_mean": 21.518884658813477,
  "target_will_rain": 0.37784793972969055,
  "target_windspeed_10m_max": 20.623193740844727
}