{
  "target_temperature_2m_max": 25.181825637817383,
  "target_temperature_2m_min": 17.955228805541992,
  "target_temperature_2m_mean": 21.459760665893555,
  "target_will_rain": 0.3770867884159088,
  "target_windspeed_10m_max": 20.591060638427734
}