{
  "target_temperature_2m_max": 25.1272029876709,
  "target_temperature_2m_min": 17.923246383666992,
  "target_temperature_2m_mean": 21.413373947143555,
  "target_will_rain": 0.37496015429496765,
  "target_windspeed_10m_max": 20.533849716186523
}