{
  "target_temperature_2m_max": 25.208118438720703,
  "target_temperature_2m_min": 17.97699546813965,
  "target_temperature_2m_mean": 21.47841453552246,
  "target_will_rain": 0.3755705952644348,
  "target_windspeed_10m_max": 20.594209671020508
}