{
  "target_temperature_2m_max": 21.885961532592773,
  "target_temperature_2m_min": 14.502964973449707,
  "target_temperature_2m_mean": 18.4962100982666,
  "target_will_rain": 0.4967620074748993,
  "target_windspeed_10m_max": 20.828001022338867
}