{
  "target_temperature_2m_max": 23.521020889282227,
  "target_temperature_2m_min": 16.258983612060547,
  "target_temperature_2m_mean": 19.963050842285156,
  "target_will_rain": 0.4135112166404724,
  "target_windspeed_10m_max": 20.360151290893555
}