{
  "target_temperature_2m_max": 20.67350959777832,
  "target_temperature_2m_min": 13.423956871032715,
  "target_temperature_2m_mean": 17.376497268676758,
  "target_will_rain": 0.4969763457775116,
  "target_windspeed_10m_max": 20.51748275756836
}