{
  "target_temperature_2m_max": 22.006010055541992,
  "target_temperature_2m_min": 14.668255805969238,
  "target_temperature_2m_mean": 18.614013671875,
  "target_will_rain": 0.49992021918296814,
  "target_windspeed_10m_max": 20.609424591064453
}