{
  "target_temperature_2m_max": 21.2141170501709,
  "target_temperature_2m_min": 13.887398719787598,
  "target_temperature_2m_mean": 17.885574340820312,
  "target_will_rain": 0.5263957977294922,
  "target_windspeed_10m_max": 20.723697662353516
}