{
  "target_temperature_2m_max": 19.827821731567383,
  "target_temperature_2m_min": 12.820359230041504,
  "target_temperature_2m_mean": 16.611568450927734,
  "target_will_rain": 0.4838300049304962,
  "target_windspeed_10m_max": 19.820255279541016
}