{
  "target_temperature_2m_max": 24.768068313598633,
  "target_temperature_2m_min": 17.579069137573242,
  "target_temperature_2m_mean": 21.088932037353516,
  "target_will_rain": 0.3744155764579773,
  "target_windspeed_10m_max": 20.43806266784668
}