{
  "target_temperature_2m_max": 24.10388946533203,
  "target_temperature_2m_min": 16.935026168823242,
  "target_temperature_2m_mean": 20.48700523376465,
  "target_will_rain": 0.37211403250694275,
  "target_windspeed_10m_max": 20.282917022705078
}