{
  "target_temperature_2m_max": 18.149160385131836,
  "target_temperature_2m_min": 11.47868537902832,
  "target_temperature_2m_mean": 15.006028175354004,
  "target_will_rain": 0.5105522274971008,
  "target_windspeed_10m_max": 19.233430862426758
}