{
  "target_temperature_2m_max": 21.08637046813965,
  "target_temperature_2m_min": 13.885401725769043,
  "target_temperature_2m_mean": 17.77873992919922,
  "target_will_rain": 0.4860483705997467,
  "target_windspeed_10m_max": 20.321189880371094
}