{
  "target_temperature_2m_max": 25.03846549987793,
  "target_temperature_2m_min": 17.836515426635742,
  "target_temperature_2m_mean": 21.334625244140625,
  "target_will_rain": 0.37589672207832336,
  "target_windspeed_10m_max": 20.514095306396484
}