{
  "target_temperature_2m_max": 24.541383743286133,
  "target_temperature_2m_min": 17.314159393310547,
  "target_temperature_2m_mean": 20.874120712280273,
  "target_will_rain": 0.3824479579925537,
  "target_windspeed_10m_max": 20.45037269592285
}