{
  "target_temperature_2m_max": 21.475950241088867,
  "target_temperature_2m_min": 14.3388032913208,
  "target_temperature_2m_mean": 18.091005325317383,
  "target_will_rain": 0.41939106583595276,
  "target_windspeed_10m_max": 20.267885208129883
}