{
  "target_temperature_2m_max": 15.67856502532959,
  "target_temperature_2m_min": 9.488676071166992,
  "target_temperature_2m_mean": 12.729243278503418,
  "target_will_rain": 0.5187570452690125,
  "target_windspeed_10m_max": 18.099790573120117
}