{
  "target_temperature_2m_max": 23.08746910095215,
  "target_temperature_2m_min": 15.75007152557373,
  "target_temperature_2m_mean": 19.579389572143555,
  "target_will_rain": 0.45625272393226624,
  "target_windspeed_10m_max": 20.57680892944336
}