{
  "target_temperature_2m_max": 25.06602668762207,
  "target_temperature_2m_min": 17.857267379760742,
  "target_temperature_2m_mean": 21.357908248901367,
  "target_will_rain": 0.3758111596107483,
  "target_windspeed_10m_max": 20.533353805541992
}