{
  "target_temperature_2m_max": 20.18965721130371,
  "target_temperature_2m_min": 13.109553337097168,
  "target_temperature_2m_mean": 16.93626594543457,
  "target_will_rain": 0.5086309909820557,
  "target_windspeed_10m_max": 20.006296157836914
}