{
  "target_temperature_2m_max": 24.6763916015625,
  "target_temperature_2m_min": 17.467939376831055,
  "target_temperature_2m_mean": 21.001155853271484,
  "target_will_rain": 0.37867826223373413,
  "target_windspeed_10m_max": 20.45342254638672
}