{
  "target_temperature_2m_max": 18.324403762817383,
  "target_temperature_2m_min": 11.613564491271973,
  "target_temperature_2m_mean": 15.237975120544434,
  "target_will_rain": 0.4698716700077057,
  "target_windspeed_10m_max": 19.090087890625
}