{
  "target_temperature_2m_max": 24.408483505249023,
  "target_temperature_2m_min": 17.209863662719727,
  "target_temperature_2m_mean": 20.754446029663086,
  "target_will_rain": 0.37295001745224,
  "target_windspeed_10m_max": 20.36113739013672
}