{
  "target_temperature_2m_max": 20.100194931030273,
  "target_temperature_2m_min": 13.035630226135254,
  "target_temperature_2m_mean": 16.864465713500977,
  "target_will_rain": 0.4967297613620758,
  "target_windspeed_10m_max": 20.033308029174805
}