{
  "target_temperature_2m_max": 19.98285484313965,
  "target_temperature_2m_min": 12.961688041687012,
  "target_temperature_2m_mean": 16.76915168762207,
  "target_will_rain": 0.4876101315021515,
  "target_windspeed_10m_max": 19.946941375732422
}