{
  "target_temperature_2m_max": 21.572261810302734,
  "target_temperature_2m_min": 14.230889320373535,
  "target_temperature_2m_mean": 18.21343421936035,
  "target_will_rain": 0.49422112107276917,
  "target_windspeed_10m_max": 20.747135162353516
}