{
  "target_temperature_2m_max": 21.41109848022461,
  "target_temperature_2m_min": 14.0402193069458,
  "target_temperature_2m_mean": 18.054243087768555,
  "target_will_rain": 0.5090062618255615,
  "target_windspeed_10m_max": 20.827199935913086
}