{
  "target_temperature_2m_max": 21.576845169067383,
  "target_temperature_2m_min": 14.339361190795898,
  "target_temperature_2m_mean": 18.214765548706055,
  "target_will_rain": 0.46202024817466736,
  "target_windspeed_10m_max": 20.34447479248047
}