{
  "target_temperature_2m_max": 13.137895584106445,
  "target_temperature_2m_min": 7.660353183746338,
  "target_temperature_2m_mean": 10.553665161132812,
  "target_will_rain": 0.46859291195869446,
  "target_windspeed_10m_max": 15.805314064025879
}