{
  "target_temperature_2m_max": 20.50726890563965,
  "target_temperature_2m_min": 13.443313598632812,
  "target_temperature_2m_mean": 17.236143112182617,
  "target_will_rain": 0.5092987418174744,
  "target_windspeed_10m_max": 19.813417434692383
}