{
  "target_temperature_2m_max": 18.726144790649414,
  "target_temperature_2m_min": 11.906925201416016,
  "target_temperature_2m_mean": 15.563105583190918,
  "target_will_rain": 0.4865401089191437,
  "target_windspeed_10m_max": 19.519140243530273
}