{
  "target_temperature_2m_max": 17.2007999420166,
  "target_temperature_2m_min": 10.77558422088623,
  "target_temperature_2m_mean": 14.205531120300293,
  "target_will_rain": 0.4637162983417511,
  "target_windspeed_10m_max": 18.526168823242188
}