{
  "target_temperature_2m_max": 18.767362594604492,
  "target_temperature_2m_min": 12.053434371948242,
  "target_temperature_2m_mean": 15.679624557495117,
  "target_will_rain": 0.4403575360774994,
  "target_windspeed_10m_max": 19.21074867248535
}