{
  "target_temperature_2m_max": 20.49296760559082,
  "target_temperature_2m_min": 13.403302192687988,
  "target_temperature_2m_mean": 17.250896453857422,
  "target_will_rain": 0.4968806803226471,
  "target_windspeed_10m_max": 20.13429832458496
}