{
  "target_temperature_2m_max": 16.148122787475586,
  "target_temperature_2m_min": 9.887130737304688,
  "target_temperature_2m_mean": 13.15854549407959,
  "target_will_rain": 0.5515941381454468,
  "target_windspeed_10m_max": 18.280305862426758
}