{
  "target_temperature_2m_max": 20.784420013427734,
  "target_temperature_2m_min": 10.82505989074707,
  "target_temperature_2m_mean": 15.867879867553711,
  "target_will_rain": 0.28219789266586304,
  "target_windspeed_10m_max": 22.58814811706543
}