{
  "target_temperature_2m_max": 18.763023376464844,
  "target_temperature_2m_min": 8.831687927246094,
  "target_temperature_2m_mean": 13.763198852539062,
  "target_will_rain": 0.37076500058174133,
  "target_windspeed_10m_max": 23.07178497314453
}