{
  "target_temperature_2m_max": 23.987314224243164,
  "target_temperature_2m_min": 14.432449340820312,
  "target_temperature_2m_mean": 19.300029754638672,
  "target_will_rain": 0.2423492968082428,
  "target_windspeed_10m_max": 20.800752639770508
}