{
  "target_temperature_2m_max": 13.407729148864746,
  "target_temperature_2m_min": 3.643836259841919,
  "target_temperature_2m_mean": 8.540966987609863,
  "target_will_rain": 0.44507884979248047,
  "target_windspeed_10m_max": 21.582843780517578
}