{
  "target_temperature_2m_max": 20.508935928344727,
  "target_temperature_2m_min": 10.650856971740723,
  "target_temperature_2m_mean": 15.750842094421387,
  "target_will_rain": 0.18963325023651123,
  "target_windspeed_10m_max": 22.166486740112305
}