{
  "target_temperature_2m_max": 23.680564880371094,
  "target_temperature_2m_min": 14.024759292602539,
  "target_temperature_2m_mean": 18.939966201782227,
  "target_will_rain": 0.2365233302116394,
  "target_windspeed_10m_max": 20.869956970214844
}