{
  "target_temperature_2m_max": 23.84243392944336,
  "target_temperature_2m_min": 14.228140830993652,
  "target_temperature_2m_mean": 19.12433433532715,
  "target_will_rain": 0.2530652582645416,
  "target_windspeed_10m_max": 20.873422622680664
}