{
  "target_temperature_2m_max": 19.764328002929688,
  "target_temperature_2m_min": 9.838077545166016,
  "target_temperature_2m_mean": 14.912490844726562,
  "target_will_rain": 0.32918521761894226,
  "target_windspeed_10m_max": 23.04383087158203
}