{
  "target_temperature_2m_max": 22.231491088867188,
  "target_temperature_2m_min": 12.313626289367676,
  "target_temperature_2m_mean": 17.379627227783203,
  "target_will_rain": 0.2244088351726532,
  "target_windspeed_10m_max": 21.965669631958008
}