{
  "target_temperature_2m_max": 23.692317962646484,
  "target_temperature_2m_min": 14.053783416748047,
  "target_temperature_2m_mean": 18.95344352722168,
  "target_will_rain": 0.2425740361213684,
  "target_windspeed_10m_max": 20.954513549804688
}