{
  "target_temperature_2m_max": 22.231969833374023,
  "target_temperature_2m_min": 12.3763427734375,
  "target_temperature_2m_mean": 17.394248962402344,
  "target_will_rain": 0.21774524450302124,
  "target_windspeed_10m_max": 21.727294921875
}