{
  "target_temperature_2m_max": 17.793315887451172,
  "target_temperature_2m_min": 7.627766132354736,
  "target_temperature_2m_mean": 12.616706848144531,
  "target_will_rain": 0.3621981143951416,
  "target_windspeed_10m_max": 23.588031768798828
}