{
  "target_temperature_2m_max": 23.171607971191406,
  "target_temperature_2m_min": 13.38902473449707,
  "target_temperature_2m_mean": 18.374786376953125,
  "target_will_rain": 0.2367369830608368,
  "target_windspeed_10m_max": 21.325780868530273
}