{
  "target_temperature_2m_max": 23.54767608642578,
  "target_temperature_2m_min": 13.840011596679688,
  "target_temperature_2m_mean": 18.793336868286133,
  "target_will_rain": 0.22685953974723816,
  "target_windspeed_10m_max": 21.007627487182617
}