{
  "target_temperature_2m_max": 22.087984085083008,
  "target_temperature_2m_min": 12.42292594909668,
  "target_temperature_2m_mean": 17.273569107055664,
  "target_will_rain": 0.2350882589817047,
  "target_windspeed_10m_max": 21.221277236938477
}