{
  "target_temperature_2m_max": 17.74978256225586,
  "target_temperature_2m_min": 7.582465171813965,
  "target_temperature_2m_mean": 12.56893539428711,
  "target_will_rain": 0.36369726061820984,
  "target_windspeed_10m_max": 23.586101531982422
}