{
  "target_temperature_2m_max": 23.949081420898438,
  "target_temperature_2m_min": 14.381341934204102,
  "target_temperature_2m_mean": 19.2511043548584,
  "target_will_rain": 0.25569817423820496,
  "target_windspeed_10m_max": 20.8402099609375
}