{
  "target_temperature_2m_max": 23.864971160888672,
  "target_temperature_2m_min": 14.242524147033691,
  "target_temperature_2m_mean": 19.147884368896484,
  "target_will_rain": 0.25107523798942566,
  "target_windspeed_10m_max": 20.868379592895508
}