{
  "target_temperature_2m_max": 22.99642562866211,
  "target_temperature_2m_min": 13.28139877319336,
  "target_temperature_2m_mean": 18.193078994750977,
  "target_will_rain": 0.21660709381103516,
  "target_windspeed_10m_max": 20.982810974121094
}