{
  "target_temperature_2m_max": 23.557912826538086,
  "target_temperature_2m_min": 13.843199729919434,
  "target_temperature_2m_mean": 18.794187545776367,
  "target_will_rain": 0.24633663892745972,
  "target_windspeed_10m_max": 21.046762466430664
}