{
  "target_temperature_2m_max": 23.39014434814453,
  "target_temperature_2m_min": 13.743010520935059,
  "target_temperature_2m_mean": 18.659217834472656,
  "target_will_rain": 0.24255526065826416,
  "target_windspeed_10m_max": 20.98313331604004
}