{
  "target_temperature_2m_max": 23.79393196105957,
  "target_temperature_2m_min": 14.271925926208496,
  "target_temperature_2m_mean": 19.101869583129883,
  "target_will_rain": 0.2437821626663208,
  "target_windspeed_10m_max": 20.733755111694336
}