{
  "target_temperature_2m_max": 18.40534210205078,
  "target_temperature_2m_min": 8.417305946350098,
  "target_temperature_2m_mean": 13.369415283203125,
  "target_will_rain": 0.38835635781288147,
  "target_windspeed_10m_max": 23.36803436279297
}