{
  "target_temperature_2m_max": 23.54195785522461,
  "target_temperature_2m_min": 13.883246421813965,
  "target_temperature_2m_mean": 18.7941951751709,
  "target_will_rain": 0.22324985265731812,
  "target_windspeed_10m_max": 20.90624237060547
}