{
  "target_temperature_2m_max": 23.579137802124023,
  "target_temperature_2m_min": 13.890120506286621,
  "target_temperature_2m_mean": 18.83001136779785,
  "target_will_rain": 0.24507185816764832,
  "target_windspeed_10m_max": 21.035621643066406
}