{
  "target_temperature_2m_max": 23.093599319458008,
  "target_temperature_2m_min": 13.444258689880371,
  "target_temperature_2m_mean": 18.371103286743164,
  "target_will_rain": 0.23819920420646667,
  "target_windspeed_10m_max": 21.020591735839844
}