{
  "target_temperature_2m_max": 17.916364669799805,
  "target_temperature_2m_min": 7.761634826660156,
  "target_temperature_2m_mean": 12.79677963256836,
  "target_will_rain": 0.3852236270904541,
  "target_windspeed_10m_max": 23.62150001525879
}