{
  "target_temperature_2m_max": 19.602813720703125,
  "target_temperature_2m_min": 9.620451927185059,
  "target_temperature_2m_mean": 14.72309684753418,
  "target_will_rain": 0.31096380949020386,
  "target_windspeed_10m_max": 23.213424682617188
}