{
  "target_temperature_2m_max": 20.96696662902832,
  "target_temperature_2m_min": 11.094443321228027,
  "target_temperature_2m_mean": 16.0869083404541,
  "target_will_rain": 0.2964346706867218,
  "target_windspeed_10m_max": 22.29555892944336
}