{
  "target_temperature_2m_max": 16.11758804321289,
  "target_temperature_2m_min": 6.073686122894287,
  "target_temperature_2m_mean": 10.971014976501465,
  "target_will_rain": 0.4214266836643219,
  "target_windspeed_10m_max": 23.14583396911621
}