{
  "target_temperature_2m_max": 23.327972412109375,
  "target_temperature_2m_min": 13.541913032531738,
  "target_temperature_2m_mean": 18.524003982543945,
  "target_will_rain": 0.2355005443096161,
  "target_windspeed_10m_max": 21.212541580200195
}