{
  "target_temperature_2m_max": 23.95693588256836,
  "target_temperature_2m_min": 14.340153694152832,
  "target_temperature_2m_mean": 19.24219512939453,
  "target_will_rain": 0.2522791028022766,
  "target_windspeed_10m_max": 20.89838981628418
}