{
  "target_temperature_2m_max": 23.707059860229492,
  "target_temperature_2m_min": 14.051950454711914,
  "target_temperature_2m_mean": 18.964994430541992,
  "target_will_rain": 0.22912725806236267,
  "target_windspeed_10m_max": 20.939847946166992
}