{
  "target_temperature_2m_max": 15.49461555480957,
  "target_temperature_2m_min": 5.328739643096924,
  "target_temperature_2m_mean": 10.264358520507812,
  "target_will_rain": 0.4356175363063812,
  "target_windspeed_10m_max": 23.115863800048828
}