{
  "target_temperature_2m_max": 18.13953399658203,
  "target_temperature_2m_min": 8.120576858520508,
  "target_temperature_2m_mean": 13.02767276763916,
  "target_will_rain": 0.3085593581199646,
  "target_windspeed_10m_max": 23.26692771911621
}