{
  "target_temperature_2m_max": 18.02989959716797,
  "target_temperature_2m_min": 7.844651699066162,
  "target_temperature_2m_mean": 12.882067680358887,
  "target_will_rain": 0.41319385170936584,
  "target_windspeed_10m_max": 23.770898818969727
}