{
  "target_temperature_2m_max": 23.364320755004883,
  "target_temperature_2m_min": 13.739513397216797,
  "target_temperature_2m_mean": 18.643075942993164,
  "target_will_rain": 0.2288006842136383,
  "target_windspeed_10m_max": 20.782363891601562
}