{
  "target_temperature_2m_max": 12.09892463684082,
  "target_temperature_2m_min": 2.0623021125793457,
  "target_temperature_2m_mean": 6.996969223022461,
  "target_will_rain": 0.48888465762138367,
  "target_windspeed_10m_max": 21.594945907592773
}