{
  "target_temperature_2m_max": 22.6936092376709,
  "target_temperature_2m_min": 12.828423500061035,
  "target_temperature_2m_mean": 17.8563175201416,
  "target_will_rain": 0.1959770917892456,
  "target_windspeed_10m_max": 21.50979995727539
}