{
  "target_temperature_2m_max": 23.339012145996094,
  "target_temperature_2m_min": 13.529576301574707,
  "target_temperature_2m_mean": 18.533979415893555,
  "target_will_rain": 0.23168891668319702,
  "target_windspeed_10m_max": 21.262880325317383
}