{
  "target_temperature_2m_max": 23.712890625,
  "target_temperature_2m_min": 14.151619911193848,
  "target_temperature_2m_mean": 19.008710861206055,
  "target_will_rain": 0.2391190230846405,
  "target_windspeed_10m_max": 20.807104110717773
}