{
  "target_temperature_2m_max": 12.495596885681152,
  "target_temperature_2m_min": 2.5762054920196533,
  "target_temperature_2m_mean": 7.372410774230957,
  "target_will_rain": 0.4820353388786316,
  "target_windspeed_10m_max": 21.353073120117188
}