{
  "target_temperature_2m_max": 23.59832000732422,
  "target_temperature_2m_min": 14.048768997192383,
  "target_temperature_2m_mean": 18.87922477722168,
  "target_will_rain": 0.23891153931617737,
  "target_windspeed_10m_max": 20.800687789916992
}