{
  "target_temperature_2m_max": 12.828455924987793,
  "target_temperature_2m_min": 3.0382657051086426,
  "target_temperature_2m_mean": 7.814847946166992,
  "target_will_rain": 0.4855141043663025,
  "target_windspeed_10m_max": 21.366064071655273
}