{
  "target_temperature_2m_max": 21.644142150878906,
  "target_temperature_2m_min": 11.816752433776855,
  "target_temperature_2m_mean": 16.755586624145508,
  "target_will_rain": 0.2682940661907196,
  "target_windspeed_10m_max": 21.903791427612305
}