{
  "target_temperature_2m_max": 23.840595245361328,
  "target_temperature_2m_min": 14.266533851623535,
  "target_temperature_2m_mean": 19.148649215698242,
  "target_will_rain": 0.2373291552066803,
  "target_windspeed_10m_max": 20.8054256439209
}