{
  "target_temperature_2m_max": 18.645442962646484,
  "target_temperature_2m_min": 8.626450538635254,
  "target_temperature_2m_mean": 13.616130828857422,
  "target_will_rain": 0.3685811161994934,
  "target_windspeed_10m_max": 23.334869384765625
}