{
  "target_temperature_2m_max": 19.174976348876953,
  "target_temperature_2m_min": 9.24038028717041,
  "target_temperature_2m_mean": 14.222383499145508,
  "target_will_rain": 0.33299708366394043,
  "target_windspeed_10m_max": 23.067068099975586
}