{
  "target_temperature_2m_max": 23.0135440826416,
  "target_temperature_2m_min": 13.301321983337402,
  "target_temperature_2m_mean": 18.236631393432617,
  "target_will_rain": 0.2418484091758728,
  "target_windspeed_10m_max": 21.31151008605957
}