{
  "target_temperature_2m_max": 16.90357780456543,
  "target_temperature_2m_min": 6.6266937255859375,
  "target_temperature_2m_mean": 11.62686538696289,
  "target_will_rain": 0.3876921832561493,
  "target_windspeed_10m_max": 23.595434188842773
}