{
  "target_temperature_2m_max": 18.411895751953125,
  "target_temperature_2m_min": 8.419278144836426,
  "target_temperature_2m_mean": 13.481395721435547,
  "target_will_rain": 0.34154486656188965,
  "target_windspeed_10m_max": 23.306941986083984
}