{
  "target_temperature_2m_max": 23.554004669189453,
  "target_temperature_2m_min": 13.960803031921387,
  "target_temperature_2m_mean": 18.834779739379883,
  "target_will_rain": 0.24245226383209229,
  "target_windspeed_10m_max": 20.892974853515625
}