{
  "target_temperature_2m_max": 14.587177276611328,
  "target_temperature_2m_min": 4.469976425170898,
  "target_temperature_2m_mean": 9.387070655822754,
  "target_will_rain": 0.4543860852718353,
  "target_windspeed_10m_max": 22.772512435913086
}