{
  "target_temperature_2m_max": 23.22600746154785,
  "target_temperature_2m_min": 13.463656425476074,
  "target_temperature_2m_mean": 18.435407638549805,
  "target_will_rain": 0.18451562523841858,
  "target_windspeed_10m_max": 21.03837013244629
}