{
  "target_temperature_2m_max": 23.67856216430664,
  "target_temperature_2m_min": 13.945735931396484,
  "target_temperature_2m_mean": 18.90657615661621,
  "target_will_rain": 0.24914312362670898,
  "target_windspeed_10m_max": 21.114456176757812
}