{
  "target_temperature_2m_max": 15.755142211914062,
  "target_temperature_2m_min": 5.668985366821289,
  "target_temperature_2m_mean": 10.550553321838379,
  "target_will_rain": 0.41778093576431274,
  "target_windspeed_10m_max": 22.998153686523438
}