{
  "target_temperature_2m_max": 23.67843246459961,
  "target_temperature_2m_min": 14.077058792114258,
  "target_temperature_2m_mean": 18.968477249145508,
  "target_will_rain": 0.23744767904281616,
  "target_windspeed_10m_max": 20.78238868713379
}