{
  "target_temperature_2m_max": 20.868579864501953,
  "target_temperature_2m_min": 10.9419584274292,
  "target_temperature_2m_mean": 16.000436782836914,
  "target_will_rain": 0.252058207988739,
  "target_windspeed_10m_max": 22.365427017211914
}