{
  "target_temperature_2m_max": 15.473519325256348,
  "target_temperature_2m_min": 5.25213098526001,
  "target_temperature_2m_mean": 10.133994102478027,
  "target_will_rain": 0.4714139997959137,
  "target_windspeed_10m_max": 23.035602569580078
}