{
  "target_temperature_2m_max": 24.03664779663086,
  "target_temperature_2m_min": 14.423815727233887,
  "target_temperature_2m_mean": 19.324892044067383,
  "target_will_rain": 0.25350648164749146,
  "target_windspeed_10m_max": 20.886449813842773
}