{
  "target_temperature_2m_max": 19.938203811645508,
  "target_temperature_2m_min": 9.825332641601562,
  "target_temperature_2m_mean": 14.95843505859375,
  "target_will_rain": 0.3410174548625946,
  "target_windspeed_10m_max": 23.46563720703125
}