{
  "target_temperature_2m_max": 20.33972930908203,
  "target_temperature_2m_min": 10.325488090515137,
  "target_temperature_2m_mean": 15.43947696685791,
  "target_will_rain": 0.2480001151561737,
  "target_windspeed_10m_max": 22.80099868774414
}