{
  "target_temperature_2m_max": 18.371318817138672,
  "target_temperature_2m_min": 8.16883373260498,
  "target_temperature_2m_mean": 13.20919418334961,
  "target_will_rain": 0.3662973940372467,
  "target_windspeed_10m_max": 23.795663833618164
}