{
  "target_temperature_2m_max": 23.760377883911133,
  "target_temperature_2m_min": 14.100225448608398,
  "target_temperature_2m_mean": 19.02583885192871,
  "target_will_rain": 0.22939208149909973,
  "target_windspeed_10m_max": 20.922954559326172
}