{
  "target_temperature_2m_max": 23.87793731689453,
  "target_temperature_2m_min": 14.285311698913574,
  "target_temperature_2m_mean": 19.17073631286621,
  "target_will_rain": 0.2463093400001526,
  "target_windspeed_10m_max": 20.822357177734375
}