{
  "target_temperature_2m_max": 17.9145450592041,
  "target_temperature_2m_min": 7.759514331817627,
  "target_temperature_2m_mean": 12.794523239135742,
  "target_will_rain": 0.38524681329727173,
  "target_windspeed_10m_max": 23.62193489074707
}