{
  "target_temperature_2m_max": 19.46172523498535,
  "target_temperature_2m_min": 9.657984733581543,
  "target_temperature_2m_mean": 14.480062484741211,
  "target_will_rain": 0.25595253705978394,
  "target_windspeed_10m_max": 22.36720085144043
}