{
  "target_temperature_2m_max": 23.365257263183594,
  "target_temperature_2m_min": 13.746160507202148,
  "target_temperature_2m_mean": 18.608814239501953,
  "target_will_rain": 0.24604442715644836,
  "target_windspeed_10m_max": 20.99393653869629
}