{
  "target_temperature_2m_max": 18.49300193786621,
  "target_temperature_2m_min": 8.288605690002441,
  "target_temperature_2m_mean": 13.324512481689453,
  "target_will_rain": 0.32938212156295776,
  "target_windspeed_10m_max": 23.762861251831055
}