{
  "target_temperature_2m_max": 18.11371612548828,
  "target_temperature_2m_min": 11.446171760559082,
  "target_temperature_2m_mean": 14.968931198120117,
  "target_will_rain": 0.5091959238052368,
  "target_windspeed_10m_max": 19.17371940612793
}