{
  "target_temperature_2m_max": 19.554506301879883,
  "target_temperature_2m_min": 10.472901344299316,
  "target_temperature_2m_mean": 15.008383750915527,
  "target_will_rain": 0.41892004013061523,
  "target_windspeed_10m_max": 15.498104095458984
}