{
  "target_temperature_2m_max": 8.371746063232422,
  "target_temperature_2m_min": 0.5673059225082397,
  "target_temperature_2m_mean": 4.650211811065674,
  "target_will_rain": 0.4617307782173157,
  "target_windspeed_10m_max": 15.011492729187012
}