{
  "target_temperature_2m_max": 20.11667251586914,
  "target_temperature_2m_min": 10.7348051071167,
  "target_temperature_2m_mean": 15.356809616088867,
  "target_will_rain": 0.38215047121047974,
  "target_windspeed_10m_max": 15.965468406677246
}