{
  "target_temperature_2m_max": 12.295680046081543,
  "target_temperature_2m_min": 5.2675628662109375,
  "target_temperature_2m_mean": 8.699333190917969,
  "target_will_rain": 0.43346479535102844,
  "target_windspeed_10m_max": 13.201749801635742
}