{
  "target_temperature_2m_max": 4.083426475524902,
  "target_temperature_2m_min": -0.057674430310726166,
  "target_temperature_2m_mean": 2.2076520919799805,
  "target_will_rain": 0.21099069714546204,
  "target_windspeed_10m_max": 7.728517055511475
}