{
  "target_temperature_2m_max": 17.443288803100586,
  "target_temperature_2m_min": 8.149152755737305,
  "target_temperature_2m_mean": 12.774150848388672,
  "target_will_rain": 0.5223342180252075,
  "target_windspeed_10m_max": 16.988359451293945
}