{
  "target_temperature_2m_max": 10.393823623657227,
  "target_temperature_2m_min": 3.546520709991455,
  "target_temperature_2m_mean": 6.954086780548096,
  "target_will_rain": 0.3553529381752014,
  "target_windspeed_10m_max": 12.76090145111084
}