{
  "target_temperature_2m_max": 18.8351993560791,
  "target_temperature_2m_min": 9.518282890319824,
  "target_temperature_2m_mean": 14.170221328735352,
  "target_will_rain": 0.5067098140716553,
  "target_windspeed_10m_max": 16.714834213256836
}