{
  "target_temperature_2m_max": 20.349912643432617,
  "target_temperature_2m_min": 11.060566902160645,
  "target_temperature_2m_mean": 15.704429626464844,
  "target_will_rain": 0.3813283443450928,
  "target_windspeed_10m_max": 15.677766799926758
}