{
  "target_temperature_2m_max": 16.9155216217041,
  "target_temperature_2m_min": 8.901191711425781,
  "target_temperature_2m_mean": 12.727604866027832,
  "target_will_rain": 0.30411022901535034,
  "target_windspeed_10m_max": 13.66758918762207
}