{
  "target_temperature_2m_max": 14.031206130981445,
  "target_temperature_2m_min": 4.875417709350586,
  "target_temperature_2m_mean": 9.420886993408203,
  "target_will_rain": 0.5337392091751099,
  "target_windspeed_10m_max": 17.326414108276367
}