{
  "target_temperature_2m_max": 10.365097999572754,
  "target_temperature_2m_min": 2.3029768466949463,
  "target_temperature_2m_mean": 6.306087970733643,
  "target_will_rain": 0.5224438905715942,
  "target_windspeed_10m_max": 15.592523574829102
}