{
  "target_temperature_2m_max": 19.94757843017578,
  "target_temperature_2m_min": 10.827912330627441,
  "target_temperature_2m_mean": 15.314899444580078,
  "target_will_rain": 0.36608415842056274,
  "target_windspeed_10m_max": 15.29039192199707
}