{
  "target_temperature_2m_max": 22.24675178527832,
  "target_temperature_2m_min": 13.211464881896973,
  "target_temperature_2m_mean": 17.801319122314453,
  "target_will_rain": 0.30698955059051514,
  "target_windspeed_10m_max": 14.808871269226074
}