{
  "target_temperature_2m_max": 19.21983528137207,
  "target_temperature_2m_min": 9.751738548278809,
  "target_temperature_2m_mean": 14.483914375305176,
  "target_will_rain": 0.5254309177398682,
  "target_windspeed_10m_max": 16.94636344909668
}