{
  "target_temperature_2m_max": 12.623306274414062,
  "target_temperature_2m_min": 3.9833736419677734,
  "target_temperature_2m_mean": 8.235906600952148,
  "target_will_rain": 0.49770277738571167,
  "target_windspeed_10m_max": 16.66095542907715
}