{
  "target_temperature_2m_max": 12.977591514587402,
  "target_temperature_2m_min": 6.1771321296691895,
  "target_temperature_2m_mean": 9.430910110473633,
  "target_will_rain": 0.30456221103668213,
  "target_windspeed_10m_max": 12.095147132873535
}