{
  "target_temperature_2m_max": 20.767690658569336,
  "target_temperature_2m_min": 12.229416847229004,
  "target_temperature_2m_mean": 16.538856506347656,
  "target_will_rain": 0.28872615098953247,
  "target_windspeed_10m_max": 14.044574737548828
}