{
  "target_temperature_2m_max": 12.69040298461914,
  "target_temperature_2m_min": 4.338379859924316,
  "target_temperature_2m_mean": 8.440410614013672,
  "target_will_rain": 0.5016425848007202,
  "target_windspeed_10m_max": 15.905854225158691
}