{
  "target_temperature_2m_max": 15.040178298950195,
  "target_temperature_2m_min": 7.8593220710754395,
  "target_temperature_2m_mean": 11.310678482055664,
  "target_will_rain": 0.3512551784515381,
  "target_windspeed_10m_max": 12.697464942932129
}