{
  "target_temperature_2m_max": 18.90962791442871,
  "target_temperature_2m_min": 10.15548038482666,
  "target_temperature_2m_mean": 14.340505599975586,
  "target_will_rain": 0.3673906922340393,
  "target_windspeed_10m_max": 14.804316520690918
}