{
  "target_temperature_2m_max": 13.865152359008789,
  "target_temperature_2m_min": 4.954479694366455,
  "target_temperature_2m_mean": 9.310214042663574,
  "target_will_rain": 0.5332298278808594,
  "target_windspeed_10m_max": 16.966873168945312
}