{
  "target_temperature_2m_max": 18.2210750579834,
  "target_temperature_2m_min": 9.517252922058105,
  "target_temperature_2m_mean": 13.770963668823242,
  "target_will_rain": 0.37372952699661255,
  "target_windspeed_10m_max": 14.893815994262695
}