{
  "target_temperature_2m_max": 19.285200119018555,
  "target_temperature_2m_min": 11.466483116149902,
  "target_temperature_2m_mean": 15.342851638793945,
  "target_will_rain": 0.31083375215530396,
  "target_windspeed_10m_max": 12.955103874206543
}