{
  "target_temperature_2m_max": 16.09988021850586,
  "target_temperature_2m_min": 6.579928398132324,
  "target_temperature_2m_mean": 11.275983810424805,
  "target_will_rain": 0.5534957051277161,
  "target_windspeed_10m_max": 17.85721206665039
}