{
  "target_temperature_2m_max": 17.72455406188965,
  "target_temperature_2m_min": 9.506078720092773,
  "target_temperature_2m_mean": 13.474355697631836,
  "target_will_rain": 0.3279776871204376,
  "target_windspeed_10m_max": 13.855351448059082
}