{
  "target_temperature_2m_max": 14.650247573852539,
  "target_temperature_2m_min": 6.047991752624512,
  "target_temperature_2m_mean": 10.254316329956055,
  "target_will_rain": 0.5189584493637085,
  "target_windspeed_10m_max": 15.8985595703125
}