{
  "target_temperature_2m_max": 11.498029708862305,
  "target_temperature_2m_min": 3.3659415245056152,
  "target_temperature_2m_mean": 7.423437595367432,
  "target_will_rain": 0.48653367161750793,
  "target_windspeed_10m_max": 15.517587661743164
}