{
  "target_temperature_2m_max": 13.816811561584473,
  "target_temperature_2m_min": 7.982413291931152,
  "target_temperature_2m_mean": 10.641069412231445,
  "target_will_rain": 0.24329793453216553,
  "target_windspeed_10m_max": 9.93144702911377
}