{
  "target_temperature_2m_max": 19.467063903808594,
  "target_temperature_2m_min": 10.521096229553223,
  "target_temperature_2m_mean": 15.005867958068848,
  "target_will_rain": 0.4050244688987732,
  "target_windspeed_10m_max": 15.26193618774414
}