{
  "target_temperature_2m_max": 8.155082702636719,
  "target_temperature_2m_min": 2.7574191093444824,
  "target_temperature_2m_mean": 5.521158218383789,
  "target_will_rain": 0.2504670023918152,
  "target_windspeed_10m_max": 9.939255714416504
}