{
  "target_temperature_2m_max": 15.17928695678711,
  "target_temperature_2m_min": 6.130954265594482,
  "target_temperature_2m_mean": 10.61520767211914,
  "target_will_rain": 0.5116303563117981,
  "target_windspeed_10m_max": 16.6768798828125
}