{
  "target_temperature_2m_max": 19.847110748291016,
  "target_temperature_2m_min": 10.83179759979248,
  "target_temperature_2m_mean": 15.285776138305664,
  "target_will_rain": 0.35016417503356934,
  "target_windspeed_10m_max": 15.032500267028809
}