{
  "target_temperature_2m_max": 18.095121383666992,
  "target_temperature_2m_min": 8.644746780395508,
  "target_temperature_2m_mean": 13.251862525939941,
  "target_will_rain": 0.5286580324172974,
  "target_windspeed_10m_max": 16.93954086303711
}