{
  "target_temperature_2m_max": 20.727643966674805,
  "target_temperature_2m_min": 12.19802474975586,
  "target_temperature_2m_mean": 16.489473342895508,
  "target_will_rain": 0.2686951160430908,
  "target_windspeed_10m_max": 14.018214225769043
}