{
  "target_temperature_2m_max": 18.594303131103516,
  "target_temperature_2m_min": 9.21923542022705,
  "target_temperature_2m_mean": 13.804094314575195,
  "target_will_rain": 0.46380484104156494,
  "target_windspeed_10m_max": 16.33474349975586
}