{
  "target_temperature_2m_max": 16.567081451416016,
  "target_temperature_2m_min": 7.197847843170166,
  "target_temperature_2m_mean": 11.802730560302734,
  "target_will_rain": 0.5431437492370605,
  "target_windspeed_10m_max": 17.51572608947754
}