{
  "target_temperature_2m_max": 20.356523513793945,
  "target_temperature_2m_min": 10.902032852172852,
  "target_temperature_2m_mean": 15.632879257202148,
  "target_will_rain": 0.482819139957428,
  "target_windspeed_10m_max": 16.24042320251465
}