{
  "target_temperature_2m_max": 3.954267978668213,
  "target_temperature_2m_min": -0.8740314245223999,
  "target_temperature_2m_mean": 1.785158634185791,
  "target_will_rain": 0.21763598918914795,
  "target_windspeed_10m_max": 9.044698715209961
}