{
  "target_temperature_2m_max": 21.0043888092041,
  "target_temperature_2m_min": 12.230454444885254,
  "target_temperature_2m_mean": 16.66788673400879,
  "target_will_rain": 0.28130412101745605,
  "target_windspeed_10m_max": 14.448820114135742
}