{
  "target_temperature_2m_max": 6.532602310180664,
  "target_temperature_2m_min": 0.8496888279914856,
  "target_temperature_2m_mean": 3.9832470417022705,
  "target_will_rain": 0.2158944010734558,
  "target_windspeed_10m_max": 10.46310806274414
}