{
  "target_temperature_2m_max": 14.493867874145508,
  "target_temperature_2m_min": 5.387360095977783,
  "target_temperature_2m_mean": 9.846944808959961,
  "target_will_rain": 0.5214611291885376,
  "target_windspeed_10m_max": 17.2080020904541
}