{
  "target_temperature_2m_max": 8.617069244384766,
  "target_temperature_2m_min": 2.010084390640259,
  "target_temperature_2m_mean": 5.4921441078186035,
  "target_will_rain": 0.33281007409095764,
  "target_windspeed_10m_max": 12.372871398925781
}