{
  "target_temperature_2m_max": 15.513238906860352,
  "target_temperature_2m_min": 7.163903713226318,
  "target_temperature_2m_mean": 11.257288932800293,
  "target_will_rain": 0.4092619717121124,
  "target_windspeed_10m_max": 14.89195728302002
}