{
  "target_temperature_2m_max": 4.770554542541504,
  "target_temperature_2m_min": 1.2339956760406494,
  "target_temperature_2m_mean": 3.047142267227173,
  "target_will_rain": 0.16252703964710236,
  "target_windspeed_10m_max": 6.570690155029297
}