{
  "target_temperature_2m_max": 11.816293716430664,
  "target_temperature_2m_min": 3.2233340740203857,
  "target_temperature_2m_mean": 7.39106559753418,
  "target_will_rain": 0.5522464513778687,
  "target_windspeed_10m_max": 16.797197341918945
}