{
  "target_temperature_2m_max": 21.25501823425293,
  "target_temperature_2m_min": 12.08337116241455,
  "target_temperature_2m_mean": 16.667104721069336,
  "target_will_rain": 0.30799299478530884,
  "target_windspeed_10m_max": 15.12750244140625
}