{
  "target_temperature_2m_max": 4.935850143432617,
  "target_temperature_2m_min": 1.1280968189239502,
  "target_temperature_2m_mean": 3.026397943496704,
  "target_will_rain": 0.2346065789461136,
  "target_windspeed_10m_max": 7.407732963562012
}