{
  "target_temperature_2m_max": 22.508779525756836,
  "target_temperature_2m_min": 13.382851600646973,
  "target_temperature_2m_mean": 18.04511070251465,
  "target_will_rain": 0.2873993515968323,
  "target_windspeed_10m_max": 14.911355972290039
}