{
  "target_temperature_2m_max": 22.609386444091797,
  "target_temperature_2m_min": 13.424412727355957,
  "target_temperature_2m_mean": 18.120512008666992,
  "target_will_rain": 0.30102092027664185,
  "target_windspeed_10m_max": 15.021710395812988
}