{
  "target_temperature_2m_max": 15.729612350463867,
  "target_temperature_2m_min": 7.314234733581543,
  "target_temperature_2m_mean": 11.364662170410156,
  "target_will_rain": 0.44261476397514343,
  "target_windspeed_10m_max": 15.133429527282715
}