{
  "target_temperature_2m_max": 6.488886833190918,
  "target_temperature_2m_min": 0.7741611003875732,
  "target_temperature_2m_mean": 3.6436164379119873,
  "target_will_rain": 0.3817499876022339,
  "target_windspeed_10m_max": 11.095712661743164
}