{
  "target_temperature_2m_max": 20.08960723876953,
  "target_temperature_2m_min": 11.775517463684082,
  "target_temperature_2m_mean": 15.914468765258789,
  "target_will_rain": 0.32943516969680786,
  "target_windspeed_10m_max": 13.813370704650879
}