{
  "target_temperature_2m_max": 10.765039443969727,
  "target_temperature_2m_min": 2.331881523132324,
  "target_temperature_2m_mean": 6.457212448120117,
  "target_will_rain": 0.5687590837478638,
  "target_windspeed_10m_max": 16.489900588989258
}