{
  "target_temperature_2m_max": 5.040702819824219,
  "target_temperature_2m_min": 0.6934265494346619,
  "target_temperature_2m_mean": 2.939269542694092,
  "target_will_rain": 0.2519409954547882,
  "target_windspeed_10m_max": 8.218010902404785
}