{
  "target_temperature_2m_max": 13.132552146911621,
  "target_temperature_2m_min": 6.180294513702393,
  "target_temperature_2m_mean": 9.639904022216797,
  "target_will_rain": 0.24394285678863525,
  "target_windspeed_10m_max": 12.053587913513184
}