{
  "target_temperature_2m_max": 19.0865478515625,
  "target_temperature_2m_min": 10.047492980957031,
  "target_temperature_2m_mean": 14.453207015991211,
  "target_will_rain": 0.3789031505584717,
  "target_windspeed_10m_max": 15.188096046447754
}