{
  "target_temperature_2m_max": 14.902694702148438,
  "target_temperature_2m_min": 5.540851593017578,
  "target_temperature_2m_mean": 10.192595481872559,
  "target_will_rain": 0.5454409122467041,
  "target_windspeed_10m_max": 17.691898345947266
}