{
  "target_temperature_2m_max": 14.431589126586914,
  "target_temperature_2m_min": 5.523582458496094,
  "target_temperature_2m_mean": 9.923019409179688,
  "target_will_rain": 0.5189950466156006,
  "target_windspeed_10m_max": 16.69775390625
}