{
  "target_temperature_2m_max": 8.790399551391602,
  "target_temperature_2m_min": 2.5334386825561523,
  "target_temperature_2m_mean": 5.512345790863037,
  "target_will_rain": 0.4723961353302002,
  "target_windspeed_10m_max": 12.236851692199707
}