{
  "target_temperature_2m_max": 21.31096076965332,
  "target_temperature_2m_min": 12.181929588317871,
  "target_temperature_2m_mean": 16.77825164794922,
  "target_will_rain": 0.36261051893234253,
  "target_windspeed_10m_max": 15.171282768249512
}