{
  "target_temperature_2m_max": 16.38200569152832,
  "target_temperature_2m_min": 6.80703067779541,
  "target_temperature_2m_mean": 11.45437240600586,
  "target_will_rain": 0.5511329174041748,
  "target_windspeed_10m_max": 18.12449073791504
}