{
  "target_temperature_2m_max": 8.660285949707031,
  "target_temperature_2m_min": 2.405154228210449,
  "target_temperature_2m_mean": 5.578673362731934,
  "target_will_rain": 0.3386748433113098,
  "target_windspeed_10m_max": 11.69566822052002
}