{
  "target_temperature_2m_max": 7.577238082885742,
  "target_temperature_2m_min": 2.886946678161621,
  "target_temperature_2m_mean": 5.284214973449707,
  "target_will_rain": 0.18950094282627106,
  "target_windspeed_10m_max": 8.56212043762207
}