{
  "target_temperature_2m_max": 11.977312088012695,
  "target_temperature_2m_min": 3.625231981277466,
  "target_temperature_2m_mean": 7.75187873840332,
  "target_will_rain": 0.5170742869377136,
  "target_windspeed_10m_max": 15.952020645141602
}