{
  "target_temperature_2m_max": 2.711162567138672,
  "target_temperature_2m_min": -0.267174631357193,
  "target_temperature_2m_mean": 1.2773499488830566,
  "target_will_rain": 0.1953054815530777,
  "target_windspeed_10m_max": 5.957840919494629
}