{
  "target_temperature_2m_max": 14.236934661865234,
  "target_temperature_2m_min": 5.082999229431152,
  "target_temperature_2m_mean": 9.477556228637695,
  "target_will_rain": 0.5812652707099915,
  "target_windspeed_10m_max": 17.659351348876953
}