{
  "target_temperature_2m_max": 4.268445014953613,
  "target_temperature_2m_min": -0.5671982169151306,
  "target_temperature_2m_mean": 2.0430362224578857,
  "target_will_rain": 0.30803799629211426,
  "target_windspeed_10m_max": 9.191990852355957
}