{
  "target_temperature_2m_max": 11.289027214050293,
  "target_temperature_2m_min": 5.0886993408203125,
  "target_temperature_2m_mean": 8.402487754821777,
  "target_will_rain": 0.41092175245285034,
  "target_windspeed_10m_max": 10.19169807434082
}