{
  "target_temperature_2m_max": 20.173059463500977,
  "target_temperature_2m_min": 11.448745727539062,
  "target_temperature_2m_mean": 16.003633499145508,
  "target_will_rain": 0.3035355508327484,
  "target_windspeed_10m_max": 12.904152870178223
}