{
  "target_temperature_2m_max": 13.680673599243164,
  "target_temperature_2m_min": 6.48772668838501,
  "target_temperature_2m_mean": 10.430532455444336,
  "target_will_rain": 0.35191792249679565,
  "target_windspeed_10m_max": 10.89553165435791
}