{
  "target_temperature_2m_max": 22.025970458984375,
  "target_temperature_2m_min": 12.836182594299316,
  "target_temperature_2m_mean": 17.601367950439453,
  "target_will_rain": 0.3464897871017456,
  "target_windspeed_10m_max": 14.215768814086914
}