{
  "target_temperature_2m_max": 24.135177612304688,
  "target_temperature_2m_min": 14.887686729431152,
  "target_temperature_2m_mean": 19.42471694946289,
  "target_will_rain": 0.2953125834465027,
  "target_windspeed_10m_max": 14.552616119384766
}