{
  "target_temperature_2m_max": 13.080206871032715,
  "target_temperature_2m_min": 6.135983943939209,
  "target_temperature_2m_mean": 9.909085273742676,
  "target_will_rain": 0.3232724070549011,
  "target_windspeed_10m_max": 10.25622844696045
}