{
  "target_temperature_2m_max": 11.120373725891113,
  "target_temperature_2m_min": 4.27378511428833,
  "target_temperature_2m_mean": 8.031320571899414,
  "target_will_rain": 0.4496031701564789,
  "target_windspeed_10m_max": 11.103005409240723
}