{
  "target_temperature_2m_max": 21.257190704345703,
  "target_temperature_2m_min": 12.16830825805664,
  "target_temperature_2m_mean": 16.89434051513672,
  "target_will_rain": 0.39343059062957764,
  "target_windspeed_10m_max": 14.52994441986084
}