{
  "target_temperature_2m_max": 12.990299224853516,
  "target_temperature_2m_min": 5.860206127166748,
  "target_temperature_2m_mean": 9.769110679626465,
  "target_will_rain": 0.4277600347995758,
  "target_windspeed_10m_max": 11.215035438537598
}