{
  "target_temperature_2m_max": 16.546018600463867,
  "target_temperature_2m_min": 8.076451301574707,
  "target_temperature_2m_mean": 12.766736030578613,
  "target_will_rain": 0.5134091377258301,
  "target_windspeed_10m_max": 13.334446907043457
}