{
  "target_temperature_2m_max": 24.295204162597656,
  "target_temperature_2m_min": 15.08266544342041,
  "target_temperature_2m_mean": 19.568790435791016,
  "target_will_rain": 0.2816515564918518,
  "target_windspeed_10m_max": 14.403200149536133
}