{
  "target_temperature_2m_max": 18.40805435180664,
  "target_temperature_2m_min": 9.855350494384766,
  "target_temperature_2m_mean": 14.435338020324707,
  "target_will_rain": 0.4539097547531128,
  "target_windspeed_10m_max": 13.410332679748535
}