{
  "target_temperature_2m_max": 12.978882789611816,
  "target_temperature_2m_min": 6.060693264007568,
  "target_temperature_2m_mean": 9.838252067565918,
  "target_will_rain": 0.3537714183330536,
  "target_windspeed_10m_max": 10.490059852600098
}