{
  "target_temperature_2m_max": 13.265249252319336,
  "target_temperature_2m_min": 6.3170952796936035,
  "target_temperature_2m_mean": 10.042685508728027,
  "target_will_rain": 0.36477500200271606,
  "target_windspeed_10m_max": 10.935225486755371
}