{
  "target_temperature_2m_max": 15.884885787963867,
  "target_temperature_2m_min": 7.549703121185303,
  "target_temperature_2m_mean": 12.14113998413086,
  "target_will_rain": 0.5232938528060913,
  "target_windspeed_10m_max": 13.25991439819336
}