{
  "target_temperature_2m_max": 19.048107147216797,
  "target_temperature_2m_min": 10.157946586608887,
  "target_temperature_2m_mean": 14.959403038024902,
  "target_will_rain": 0.5005636811256409,
  "target_windspeed_10m_max": 14.127227783203125
}