{
  "target_temperature_2m_max": 13.277183532714844,
  "target_temperature_2m_min": 6.242417812347412,
  "target_temperature_2m_mean": 10.014039039611816,
  "target_will_rain": 0.3906259834766388,
  "target_windspeed_10m_max": 11.161917686462402
}