{
  "target_temperature_2m_max": 15.639220237731934,
  "target_temperature_2m_min": 7.621195316314697,
  "target_temperature_2m_mean": 11.927096366882324,
  "target_will_rain": 0.5069637894630432,
  "target_windspeed_10m_max": 13.22627067565918
}