{
  "target_temperature_2m_max": 23.605857849121094,
  "target_temperature_2m_min": 14.38749885559082,
  "target_temperature_2m_mean": 18.961233139038086,
  "target_will_rain": 0.31079015135765076,
  "target_windspeed_10m_max": 14.46560001373291
}