{
  "target_temperature_2m_max": 24.02367401123047,
  "target_temperature_2m_min": 14.867352485656738,
  "target_temperature_2m_mean": 19.341936111450195,
  "target_will_rain": 0.2822696566581726,
  "target_windspeed_10m_max": 14.251874923706055
}