{
  "target_temperature_2m_max": 24.39825439453125,
  "target_temperature_2m_min": 15.115909576416016,
  "target_temperature_2m_mean": 19.65254783630371,
  "target_will_rain": 0.29084572196006775,
  "target_windspeed_10m_max": 14.547565460205078
}