{
  "target_temperature_2m_max": 21.90401268005371,
  "target_temperature_2m_min": 12.781706809997559,
  "target_temperature_2m_mean": 17.47613525390625,
  "target_will_rain": 0.36261236667633057,
  "target_windspeed_10m_max": 14.48066234588623
}