{
  "target_temperature_2m_max": 13.98261547088623,
  "target_temperature_2m_min": 6.558569431304932,
  "target_temperature_2m_mean": 10.537436485290527,
  "target_will_rain": 0.49157530069351196,
  "target_windspeed_10m_max": 12.264848709106445
}