{
  "target_temperature_2m_max": 17.87886619567871,
  "target_temperature_2m_min": 9.59467601776123,
  "target_temperature_2m_mean": 14.061983108520508,
  "target_will_rain": 0.3842892348766327,
  "target_windspeed_10m_max": 12.455538749694824
}