{
  "target_temperature_2m_max": 8.62800121307373,
  "target_temperature_2m_min": 3.1680798530578613,
  "target_temperature_2m_mean": 6.071272850036621,
  "target_will_rain": 0.37242943048477173,
  "target_windspeed_10m_max": 8.88056468963623
}