{
  "target_temperature_2m_max": 13.376199722290039,
  "target_temperature_2m_min": 6.067234992980957,
  "target_temperature_2m_mean": 9.962924003601074,
  "target_will_rain": 0.4986492991447449,
  "target_windspeed_10m_max": 12.074553489685059
}