{
  "target_temperature_2m_max": 20.91722869873047,
  "target_temperature_2m_min": 11.734413146972656,
  "target_temperature_2m_mean": 16.587787628173828,
  "target_will_rain": 0.4964436888694763,
  "target_windspeed_10m_max": 14.854429244995117
}