{
  "target_temperature_2m_max": 23.04908561706543,
  "target_temperature_2m_min": 14.051393508911133,
  "target_temperature_2m_mean": 18.51434326171875,
  "target_will_rain": 0.2796093225479126,
  "target_windspeed_10m_max": 13.739788055419922
}