{
  "target_temperature_2m_max": 21.671157836914062,
  "target_temperature_2m_min": 12.567846298217773,
  "target_temperature_2m_mean": 17.291271209716797,
  "target_will_rain": 0.4579336643218994,
  "target_windspeed_10m_max": 14.794769287109375
}