{
  "target_temperature_2m_max": 15.90434741973877,
  "target_temperature_2m_min": 7.660254001617432,
  "target_temperature_2m_mean": 12.182923316955566,
  "target_will_rain": 0.5140668153762817,
  "target_windspeed_10m_max": 13.171070098876953
}