{
  "target_temperature_2m_max": 24.54700469970703,
  "target_temperature_2m_min": 15.243186950683594,
  "target_temperature_2m_mean": 19.78005027770996,
  "target_will_rain": 0.29019105434417725,
  "target_windspeed_10m_max": 14.600016593933105
}