{
  "target_temperature_2m_max": 22.857688903808594,
  "target_temperature_2m_min": 13.92686653137207,
  "target_temperature_2m_mean": 18.333847045898438,
  "target_will_rain": 0.2798443138599396,
  "target_windspeed_10m_max": 13.742501258850098
}