{
  "target_temperature_2m_max": 20.809022903442383,
  "target_temperature_2m_min": 12.139383316040039,
  "target_temperature_2m_mean": 16.576194763183594,
  "target_will_rain": 0.30922049283981323,
  "target_windspeed_10m_max": 13.049701690673828
}