{
  "target_temperature_2m_max": 24.00833511352539,
  "target_temperature_2m_min": 14.822328567504883,
  "target_temperature_2m_mean": 19.32455062866211,
  "target_will_rain": 0.2902248203754425,
  "target_windspeed_10m_max": 14.469229698181152
}