{
  "target_temperature_2m_max": 19.620206832885742,
  "target_temperature_2m_min": 10.831570625305176,
  "target_temperature_2m_mean": 15.485344886779785,
  "target_will_rain": 0.3430121839046478,
  "target_windspeed_10m_max": 13.320374488830566
}