{
  "target_temperature_2m_max": 9.715157508850098,
  "target_temperature_2m_min": 3.722234010696411,
  "target_temperature_2m_mean": 7.0208282470703125,
  "target_will_rain": 0.3635465204715729,
  "target_windspeed_10m_max": 9.339550971984863
}