{
  "target_temperature_2m_max": 12.704864501953125,
  "target_temperature_2m_min": 5.4987616539001465,
  "target_temperature_2m_mean": 9.46280574798584,
  "target_will_rain": 0.47753503918647766,
  "target_windspeed_10m_max": 11.398041725158691
}