{
  "target_temperature_2m_max": 19.138782501220703,
  "target_temperature_2m_min": 10.496389389038086,
  "target_temperature_2m_mean": 15.067048072814941,
  "target_will_rain": 0.3888294994831085,
  "target_windspeed_10m_max": 13.448128700256348
}