{
  "target_temperature_2m_max": 12.385486602783203,
  "target_temperature_2m_min": 5.586284160614014,
  "target_temperature_2m_mean": 9.276949882507324,
  "target_will_rain": 0.39916354417800903,
  "target_windspeed_10m_max": 10.799062728881836
}