{
  "target_temperature_2m_max": 20.618694305419922,
  "target_temperature_2m_min": 11.412537574768066,
  "target_temperature_2m_mean": 16.293912887573242,
  "target_will_rain": 0.5231776237487793,
  "target_windspeed_10m_max": 14.96548080444336
}