{
  "target_temperature_2m_max": 19.568435668945312,
  "target_temperature_2m_min": 11.412887573242188,
  "target_temperature_2m_mean": 15.579689025878906,
  "target_will_rain": 0.24643544852733612,
  "target_windspeed_10m_max": 12.246480941772461
}