{
  "target_temperature_2m_max": 22.791162490844727,
  "target_temperature_2m_min": 13.825366973876953,
  "target_temperature_2m_mean": 18.276607513427734,
  "target_will_rain": 0.28433650732040405,
  "target_windspeed_10m_max": 13.727932929992676
}