{
  "target_temperature_2m_max": 21.328271865844727,
  "target_temperature_2m_min": 12.122640609741211,
  "target_temperature_2m_mean": 16.950040817260742,
  "target_will_rain": 0.3562663197517395,
  "target_windspeed_10m_max": 14.357269287109375
}