{
  "target_temperature_2m_max": 13.823980331420898,
  "target_temperature_2m_min": 6.7289814949035645,
  "target_temperature_2m_mean": 10.596821784973145,
  "target_will_rain": 0.30832263827323914,
  "target_windspeed_10m_max": 10.52111530303955
}