{
  "target_temperature_2m_max": 20.53919219970703,
  "target_temperature_2m_min": 11.462970733642578,
  "target_temperature_2m_mean": 16.27292251586914,
  "target_will_rain": 0.4670231342315674,
  "target_windspeed_10m_max": 14.610651016235352
}