{
  "target_temperature_2m_max": 22.782625198364258,
  "target_temperature_2m_min": 13.543325424194336,
  "target_temperature_2m_mean": 18.271169662475586,
  "target_will_rain": 0.3117835521697998,
  "target_windspeed_10m_max": 14.171745300292969
}