{
  "target_temperature_2m_max": 16.227418899536133,
  "target_temperature_2m_min": 7.952478885650635,
  "target_temperature_2m_mean": 12.481989860534668,
  "target_will_rain": 0.4977457821369171,
  "target_windspeed_10m_max": 13.186503410339355
}