{
  "target_temperature_2m_max": 20.86385726928711,
  "target_temperature_2m_min": 12.145865440368652,
  "target_temperature_2m_mean": 16.57893943786621,
  "target_will_rain": 0.3847270607948303,
  "target_windspeed_10m_max": 14.216517448425293
}