{
  "target_temperature_2m_max": 11.989165306091309,
  "target_temperature_2m_min": 5.220514297485352,
  "target_temperature_2m_mean": 8.79748821258545,
  "target_will_rain": 0.4393860697746277,
  "target_windspeed_10m_max": 11.509937286376953
}