{
  "target_temperature_2m_max": 19.96987533569336,
  "target_temperature_2m_min": 11.853185653686523,
  "target_temperature_2m_mean": 15.979171752929688,
  "target_will_rain": 0.26206597685813904,
  "target_windspeed_10m_max": 12.151897430419922
}