{
  "target_temperature_2m_max": 23.86525535583496,
  "target_temperature_2m_min": 14.593681335449219,
  "target_temperature_2m_mean": 19.200237274169922,
  "target_will_rain": 0.3074296712875366,
  "target_windspeed_10m_max": 14.475154876708984
}