{
  "target_temperature_2m_max": 15.806476593017578,
  "target_temperature_2m_min": 8.008304595947266,
  "target_temperature_2m_mean": 12.242127418518066,
  "target_will_rain": 0.35513007640838623,
  "target_windspeed_10m_max": 11.728046417236328
}