{
  "target_temperature_2m_max": 9.22118091583252,
  "target_temperature_2m_min": 3.6576101779937744,
  "target_temperature_2m_mean": 6.605107307434082,
  "target_will_rain": 0.33712178468704224,
  "target_windspeed_10m_max": 9.197847366333008
}