{
  "target_temperature_2m_max": 16.76744842529297,
  "target_temperature_2m_min": 8.821029663085938,
  "target_temperature_2m_mean": 13.084081649780273,
  "target_will_rain": 0.32027220726013184,
  "target_windspeed_10m_max": 11.760931015014648
}