{
  "target_temperature_2m_max": 17.795440673828125,
  "target_temperature_2m_min": 9.25790786743164,
  "target_temperature_2m_mean": 13.846293449401855,
  "target_will_rain": 0.4585421085357666,
  "target_windspeed_10m_max": 13.688801765441895
}