{
  "target_temperature_2m_max": 22.231691360473633,
  "target_temperature_2m_min": 13.09335708618164,
  "target_temperature_2m_mean": 17.77638816833496,
  "target_will_rain": 0.40777790546417236,
  "target_windspeed_10m_max": 14.766338348388672
}