{
  "target_temperature_2m_max": 11.93432331085205,
  "target_temperature_2m_min": 5.089773654937744,
  "target_temperature_2m_mean": 8.77399730682373,
  "target_will_rain": 0.5208655595779419,
  "target_windspeed_10m_max": 11.523725509643555
}