{
  "target_temperature_2m_max": 19.54409408569336,
  "target_temperature_2m_min": 10.508928298950195,
  "target_temperature_2m_mean": 15.416060447692871,
  "target_will_rain": 0.45368945598602295,
  "target_windspeed_10m_max": 14.059662818908691
}