{
  "target_temperature_2m_max": 20.90805435180664,
  "target_temperature_2m_min": 11.989469528198242,
  "target_temperature_2m_mean": 16.625999450683594,
  "target_will_rain": 0.33638548851013184,
  "target_windspeed_10m_max": 13.712357521057129
}