{
  "target_temperature_2m_max": 9.710355758666992,
  "target_temperature_2m_min": 3.7189242839813232,
  "target_temperature_2m_mean": 7.016753196716309,
  "target_will_rain": 0.3634369969367981,
  "target_windspeed_10m_max": 9.337268829345703
}