{
  "target_temperature_2m_max": 12.202641487121582,
  "target_temperature_2m_min": 5.498443126678467,
  "target_temperature_2m_mean": 9.176371574401855,
  "target_will_rain": 0.4308564066886902,
  "target_windspeed_10m_max": 10.810901641845703
}