{
  "target_temperature_2m_max": 17.93012809753418,
  "target_temperature_2m_min": 11.053930282592773,
  "target_temperature_2m_mean": 14.859277725219727,
  "target_will_rain": 0.5927867293357849,
  "target_windspeed_10m_max": 12.504674911499023
}