{
  "target_temperature_2m_max": 13.331951141357422,
  "target_temperature_2m_min": 7.085085868835449,
  "target_temperature_2m_mean": 10.377625465393066,
  "target_will_rain": 0.5726423859596252,
  "target_windspeed_10m_max": 11.845617294311523
}