{
  "target_temperature_2m_max": 21.761648178100586,
  "target_temperature_2m_min": 14.846171379089355,
  "target_temperature_2m_mean": 18.53768539428711,
  "target_will_rain": 0.4179409444332123,
  "target_windspeed_10m_max": 12.481240272521973
}