{
  "target_temperature_2m_max": 22.029861450195312,
  "target_temperature_2m_min": 15.12067985534668,
  "target_temperature_2m_mean": 18.81499671936035,
  "target_will_rain": 0.4456716775894165,
  "target_windspeed_10m_max": 12.501469612121582
}