{
  "target_temperature_2m_max": 21.224824905395508,
  "target_temperature_2m_min": 14.09389877319336,
  "target_temperature_2m_mean": 17.975656509399414,
  "target_will_rain": 0.4849500358104706,
  "target_windspeed_10m_max": 12.719367027282715
}