{
  "target_temperature_2m_max": 15.694600105285645,
  "target_temperature_2m_min": 8.851840019226074,
  "target_temperature_2m_mean": 12.456398010253906,
  "target_will_rain": 0.5264690518379211,
  "target_windspeed_10m_max": 12.859258651733398
}