{
  "target_temperature_2m_max": 14.213051795959473,
  "target_temperature_2m_min": 7.697299480438232,
  "target_temperature_2m_mean": 11.105381965637207,
  "target_will_rain": 0.5502380728721619,
  "target_windspeed_10m_max": 12.336397171020508
}