{
  "target_temperature_2m_max": 20.060718536376953,
  "target_temperature_2m_min": 12.964539527893066,
  "target_temperature_2m_mean": 16.79682159423828,
  "target_will_rain": 0.5944953560829163,
  "target_windspeed_10m_max": 13.066534042358398
}