{
  "target_temperature_2m_max": 19.799226760864258,
  "target_temperature_2m_min": 12.637832641601562,
  "target_temperature_2m_mean": 16.33141326904297,
  "target_will_rain": 0.6143751740455627,
  "target_windspeed_10m_max": 13.792548179626465
}