{
  "target_temperature_2m_max": 21.361663818359375,
  "target_temperature_2m_min": 14.143778800964355,
  "target_temperature_2m_mean": 17.981048583984375,
  "target_will_rain": 0.5499044060707092,
  "target_windspeed_10m_max": 13.177053451538086
}