{
  "target_temperature_2m_max": 18.108806610107422,
  "target_temperature_2m_min": 10.898421287536621,
  "target_temperature_2m_mean": 14.707481384277344,
  "target_will_rain": 0.6405606865882874,
  "target_windspeed_10m_max": 13.811532974243164
}