{
  "target_temperature_2m_max": 13.005814552307129,
  "target_temperature_2m_min": 6.63913631439209,
  "target_temperature_2m_mean": 9.951705932617188,
  "target_will_rain": 0.6227806806564331,
  "target_windspeed_10m_max": 12.373382568359375
}