{
  "target_temperature_2m_max": 15.490665435791016,
  "target_temperature_2m_min": 8.697623252868652,
  "target_temperature_2m_mean": 12.285345077514648,
  "target_will_rain": 0.5767282843589783,
  "target_windspeed_10m_max": 12.981266975402832
}