{
  "target_temperature_2m_max": 22.164627075195312,
  "target_temperature_2m_min": 15.153730392456055,
  "target_temperature_2m_mean": 18.917537689208984,
  "target_will_rain": 0.4495325982570648,
  "target_windspeed_10m_max": 12.667959213256836
}