{
  "target_temperature_2m_max": 14.294656753540039,
  "target_temperature_2m_min": 7.944095134735107,
  "target_temperature_2m_mean": 11.322385787963867,
  "target_will_rain": 0.5158495903015137,
  "target_windspeed_10m_max": 11.676549911499023
}