{
  "target_temperature_2m_max": 22.520235061645508,
  "target_temperature_2m_min": 15.509222984313965,
  "target_temperature_2m_mean": 19.251239776611328,
  "target_will_rain": 0.4585452377796173,
  "target_windspeed_10m_max": 12.776183128356934
}