{
  "target_temperature_2m_max": 12.5014009475708,
  "target_temperature_2m_min": 6.386427879333496,
  "target_temperature_2m_mean": 9.568387031555176,
  "target_will_rain": 0.5951329469680786,
  "target_windspeed_10m_max": 11.69869327545166
}