{
  "target_temperature_2m_max": 17.73112678527832,
  "target_temperature_2m_min": 10.88126277923584,
  "target_temperature_2m_mean": 14.531012535095215,
  "target_will_rain": 0.4884898364543915,
  "target_windspeed_10m_max": 12.371140480041504
}