{
  "target_temperature_2m_max": 14.397984504699707,
  "target_temperature_2m_min": 7.733980178833008,
  "target_temperature_2m_mean": 11.249799728393555,
  "target_will_rain": 0.6002933382987976,
  "target_windspeed_10m_max": 12.859704971313477
}