{
  "target_temperature_2m_max": 22.628862380981445,
  "target_temperature_2m_min": 15.640442848205566,
  "target_temperature_2m_mean": 19.363651275634766,
  "target_will_rain": 0.4478663504123688,
  "target_windspeed_10m_max": 12.766884803771973
}