{
  "target_temperature_2m_max": 13.159951210021973,
  "target_temperature_2m_min": 6.973132610321045,
  "target_temperature_2m_mean": 10.088726043701172,
  "target_will_rain": 0.587121307849884,
  "target_windspeed_10m_max": 12.180649757385254
}