{
  "target_temperature_2m_max": 22.185924530029297,
  "target_temperature_2m_min": 15.226836204528809,
  "target_temperature_2m_mean": 18.966732025146484,
  "target_will_rain": 0.41992732882499695,
  "target_windspeed_10m_max": 12.57670783996582
}