{
  "target_temperature_2m_max": 21.92455291748047,
  "target_temperature_2m_min": 15.148452758789062,
  "target_temperature_2m_mean": 18.7498836517334,
  "target_will_rain": 0.430856853723526,
  "target_windspeed_10m_max": 12.31090259552002
}