{
  "target_temperature_2m_max": 16.72730827331543,
  "target_temperature_2m_min": 9.664690971374512,
  "target_temperature_2m_mean": 13.421778678894043,
  "target_will_rain": 0.6112074255943298,
  "target_windspeed_10m_max": 13.556201934814453
}