{
  "target_temperature_2m_max": 20.603473663330078,
  "target_temperature_2m_min": 13.529215812683105,
  "target_temperature_2m_mean": 17.35179901123047,
  "target_will_rain": 0.5727484822273254,
  "target_windspeed_10m_max": 12.874340057373047
}