{
  "target_temperature_2m_max": 20.095556259155273,
  "target_temperature_2m_min": 12.91467571258545,
  "target_temperature_2m_mean": 16.81725311279297,
  "target_will_rain": 0.5441308617591858,
  "target_windspeed_10m_max": 13.047109603881836
}