{
  "target_temperature_2m_max": 15.882651329040527,
  "target_temperature_2m_min": 9.29283332824707,
  "target_temperature_2m_mean": 12.845812797546387,
  "target_will_rain": 0.5261669754981995,
  "target_windspeed_10m_max": 12.063315391540527
}