{
  "target_temperature_2m_max": 19.612966537475586,
  "target_temperature_2m_min": 12.432809829711914,
  "target_temperature_2m_mean": 16.075857162475586,
  "target_will_rain": 0.5970655679702759,
  "target_windspeed_10m_max": 13.76066780090332
}