{
  "target_temperature_2m_max": 19.951448440551758,
  "target_temperature_2m_min": 12.904943466186523,
  "target_temperature_2m_mean": 16.792476654052734,
  "target_will_rain": 0.4784538447856903,
  "target_windspeed_10m_max": 12.407322883605957
}