{
  "target_temperature_2m_max": 14.67810344696045,
  "target_temperature_2m_min": 8.022258758544922,
  "target_temperature_2m_mean": 11.552410125732422,
  "target_will_rain": 0.5798894762992859,
  "target_windspeed_10m_max": 12.746771812438965
}