{
  "target_temperature_2m_max": 22.822914123535156,
  "target_temperature_2m_min": 15.829734802246094,
  "target_temperature_2m_mean": 19.549701690673828,
  "target_will_rain": 0.4455861449241638,
  "target_windspeed_10m_max": 12.780424118041992
}