{
  "target_temperature_2m_max": 22.90206527709961,
  "target_temperature_2m_min": 15.898207664489746,
  "target_temperature_2m_mean": 19.619796752929688,
  "target_will_rain": 0.4546104967594147,
  "target_windspeed_10m_max": 12.834871292114258
}