{
  "target_temperature_2m_max": 19.0217342376709,
  "target_temperature_2m_min": 12.02868938446045,
  "target_temperature_2m_mean": 15.854484558105469,
  "target_will_rain": 0.5787200331687927,
  "target_windspeed_10m_max": 12.68447208404541
}