{
  "target_temperature_2m_max": 14.1048002243042,
  "target_temperature_2m_min": 7.499223709106445,
  "target_temperature_2m_mean": 10.954514503479004,
  "target_will_rain": 0.6322565078735352,
  "target_windspeed_10m_max": 12.815790176391602
}