{
  "target_temperature_2m_max": 22.76270294189453,
  "target_temperature_2m_min": 15.85706615447998,
  "target_temperature_2m_mean": 19.51851463317871,
  "target_will_rain": 0.4537758529186249,
  "target_windspeed_10m_max": 12.672182083129883
}