{
  "target_temperature_2m_max": 20.621614456176758,
  "target_temperature_2m_min": 13.527371406555176,
  "target_temperature_2m_mean": 17.419681549072266,
  "target_will_rain": 0.5958116054534912,
  "target_windspeed_10m_max": 12.879311561584473
}