{
  "target_temperature_2m_max": 16.207212448120117,
  "target_temperature_2m_min": 9.406156539916992,
  "target_temperature_2m_mean": 12.893016815185547,
  "target_will_rain": 0.615961492061615,
  "target_windspeed_10m_max": 13.240181922912598
}