{
  "target_temperature_2m_max": 19.19795036315918,
  "target_temperature_2m_min": 12.287365913391113,
  "target_temperature_2m_mean": 16.090211868286133,
  "target_will_rain": 0.5482555031776428,
  "target_windspeed_10m_max": 12.319547653198242
}