{
  "target_temperature_2m_max": 16.362886428833008,
  "target_temperature_2m_min": 9.494353294372559,
  "target_temperature_2m_mean": 13.131207466125488,
  "target_will_rain": 0.6095144748687744,
  "target_windspeed_10m_max": 13.173885345458984
}