{
  "target_temperature_2m_max": 22.37259864807129,
  "target_temperature_2m_min": 15.413893699645996,
  "target_temperature_2m_mean": 19.135623931884766,
  "target_will_rain": 0.4258728623390198,
  "target_windspeed_10m_max": 12.62584114074707
}