{
  "target_temperature_2m_max": 15.101006507873535,
  "target_temperature_2m_min": 8.4202299118042,
  "target_temperature_2m_mean": 11.974839210510254,
  "target_will_rain": 0.5543418526649475,
  "target_windspeed_10m_max": 12.656926155090332
}