{
  "target_temperature_2m_max": 17.557157516479492,
  "target_temperature_2m_min": 10.609970092773438,
  "target_temperature_2m_mean": 14.313876152038574,
  "target_will_rain": 0.5969432592391968,
  "target_windspeed_10m_max": 13.102862358093262
}