{
  "target_temperature_2m_max": 18.109220504760742,
  "target_temperature_2m_min": 10.93940258026123,
  "target_temperature_2m_mean": 14.636752128601074,
  "target_will_rain": 0.6240559220314026,
  "target_windspeed_10m_max": 13.830826759338379
}