{
  "target_temperature_2m_max": 19.78843116760254,
  "target_temperature_2m_min": 12.679545402526855,
  "target_temperature_2m_mean": 16.529050827026367,
  "target_will_rain": 0.5224317908287048,
  "target_windspeed_10m_max": 12.76989459991455
}