{
  "target_temperature_2m_max": 13.326115608215332,
  "target_temperature_2m_min": 7.2218918800354,
  "target_temperature_2m_mean": 10.480057716369629,
  "target_will_rain": 0.4987957179546356,
  "target_windspeed_10m_max": 11.151790618896484
}