{
  "target_temperature_2m_max": 17.042695999145508,
  "target_temperature_2m_min": 10.056252479553223,
  "target_temperature_2m_mean": 13.75257396697998,
  "target_will_rain": 0.5937858819961548,
  "target_windspeed_10m_max": 13.276092529296875
}