{
  "target_temperature_2m_max": 16.92279815673828,
  "target_temperature_2m_min": 9.97988224029541,
  "target_temperature_2m_mean": 13.685904502868652,
  "target_will_rain": 0.5524323582649231,
  "target_windspeed_10m_max": 12.915574073791504
}