{
  "target_temperature_2m_max": 12.59433650970459,
  "target_temperature_2m_min": 6.441187858581543,
  "target_temperature_2m_mean": 9.655113220214844,
  "target_will_rain": 0.5247138738632202,
  "target_windspeed_10m_max": 11.644720077514648
}