{
  "target_temperature_2m_max": 16.41197967529297,
  "target_temperature_2m_min": 9.370152473449707,
  "target_temperature_2m_mean": 13.115577697753906,
  "target_will_rain": 0.6273182034492493,
  "target_windspeed_10m_max": 13.608715057373047
}