{
  "target_temperature_2m_max": 13.344688415527344,
  "target_temperature_2m_min": 7.019316673278809,
  "target_temperature_2m_mean": 10.325563430786133,
  "target_will_rain": 0.5853971838951111,
  "target_windspeed_10m_max": 12.111023902893066
}