{
  "target_temperature_2m_max": 14.35952091217041,
  "target_temperature_2m_min": 8.012605667114258,
  "target_temperature_2m_mean": 11.29389476776123,
  "target_will_rain": 0.5326876044273376,
  "target_windspeed_10m_max": 12.026674270629883
}