{
  "target_temperature_2m_max": 19.446983337402344,
  "target_temperature_2m_min": 12.30008602142334,
  "target_temperature_2m_mean": 15.961175918579102,
  "target_will_rain": 0.6183578372001648,
  "target_windspeed_10m_max": 13.727961540222168
}