{
  "target_temperature_2m_max": 10.340779304504395,
  "target_temperature_2m_min": 4.73520565032959,
  "target_temperature_2m_mean": 7.55429220199585,
  "target_will_rain": 0.5810742974281311,
  "target_windspeed_10m_max": 10.79387092590332
}