{
  "target_temperature_2m_max": 11.69886302947998,
  "target_temperature_2m_min": 5.861843109130859,
  "target_temperature_2m_mean": 8.836400985717773,
  "target_will_rain": 0.5610228180885315,
  "target_windspeed_10m_max": 11.505579948425293
}