{
  "target_temperature_2m_max": 22.690994262695312,
  "target_temperature_2m_min": 15.751855850219727,
  "target_temperature_2m_mean": 19.435985565185547,
  "target_will_rain": 0.4544067680835724,
  "target_windspeed_10m_max": 12.694018363952637
}