{
  "target_temperature_2m_max": 17.81977081298828,
  "target_temperature_2m_min": 10.71074390411377,
  "target_temperature_2m_mean": 14.485955238342285,
  "target_will_rain": 0.6237603425979614,
  "target_windspeed_10m_max": 13.521147727966309
}