{
  "target_temperature_2m_max": 19.823101043701172,
  "target_temperature_2m_min": 12.697043418884277,
  "target_temperature_2m_mean": 16.425479888916016,
  "target_will_rain": 0.5151837468147278,
  "target_windspeed_10m_max": 13.103663444519043
}