{
  "target_temperature_2m_max": 13.402632713317871,
  "target_temperature_2m_min": 7.252081394195557,
  "target_temperature_2m_mean": 10.490570068359375,
  "target_will_rain": 0.5415562987327576,
  "target_windspeed_10m_max": 11.411245346069336
}