{
  "target_temperature_2m_max": 14.646735191345215,
  "target_temperature_2m_min": 8.306581497192383,
  "target_temperature_2m_mean": 11.663986206054688,
  "target_will_rain": 0.5036351084709167,
  "target_windspeed_10m_max": 11.623887062072754
}