{
  "target_temperature_2m_max": 15.379682540893555,
  "target_temperature_2m_min": 8.842413902282715,
  "target_temperature_2m_mean": 12.342084884643555,
  "target_will_rain": 0.5216897130012512,
  "target_windspeed_10m_max": 12.03876781463623
}