{
  "target_temperature_2m_max": 13.859859466552734,
  "target_temperature_2m_min": 7.5149383544921875,
  "target_temperature_2m_mean": 10.77979850769043,
  "target_will_rain": 0.5801953673362732,
  "target_windspeed_10m_max": 12.188172340393066
}