{
  "target_temperature_2m_max": 21.552248001098633,
  "target_temperature_2m_min": 14.464749336242676,
  "target_temperature_2m_mean": 18.299671173095703,
  "target_will_rain": 0.5137243866920471,
  "target_windspeed_10m_max": 12.767473220825195
}