{
  "target_temperature_2m_max": 22.761547088623047,
  "target_temperature_2m_min": 15.787495613098145,
  "target_temperature_2m_mean": 19.489524841308594,
  "target_will_rain": 0.4461130201816559,
  "target_windspeed_10m_max": 12.750450134277344
}