{
  "target_temperature_2m_max": 18.6318416595459,
  "target_temperature_2m_min": 11.482182502746582,
  "target_temperature_2m_mean": 15.169757843017578,
  "target_will_rain": 0.6354829668998718,
  "target_windspeed_10m_max": 13.749216079711914
}