{
  "target_temperature_2m_max": 19.80756950378418,
  "target_temperature_2m_min": 12.813837051391602,
  "target_temperature_2m_mean": 16.611326217651367,
  "target_will_rain": 0.5314359664916992,
  "target_windspeed_10m_max": 12.545565605163574
}