{
  "target_temperature_2m_max": 12.991569519042969,
  "target_temperature_2m_min": 6.956020832061768,
  "target_temperature_2m_mean": 10.122509002685547,
  "target_will_rain": 0.5262560248374939,
  "target_windspeed_10m_max": 11.388548851013184
}