{
  "target_temperature_2m_max": 10.291207313537598,
  "target_temperature_2m_min": 4.7256035804748535,
  "target_temperature_2m_mean": 7.577730178833008,
  "target_will_rain": 0.5253363251686096,
  "target_windspeed_10m_max": 10.522723197937012
}