{
  "target_temperature_2m_max": 13.99181842803955,
  "target_temperature_2m_min": 7.654466152191162,
  "target_temperature_2m_mean": 10.966032981872559,
  "target_will_rain": 0.5310340523719788,
  "target_windspeed_10m_max": 11.880494117736816
}