{
  "target_temperature_2m_max": 19.576555252075195,
  "target_temperature_2m_min": 12.415478706359863,
  "target_temperature_2m_mean": 16.213279724121094,
  "target_will_rain": 0.5909302830696106,
  "target_windspeed_10m_max": 13.334887504577637
}