{
  "target_temperature_2m_max": 16.943437576293945,
  "target_temperature_2m_min": 9.93930721282959,
  "target_temperature_2m_mean": 13.675296783447266,
  "target_will_rain": 0.6045969128608704,
  "target_windspeed_10m_max": 13.364930152893066
}