{
  "target_temperature_2m_max": 19.0496883392334,
  "target_temperature_2m_min": 11.969512939453125,
  "target_temperature_2m_mean": 15.70124340057373,
  "target_will_rain": 0.5928202271461487,
  "target_windspeed_10m_max": 13.195634841918945
}