{
  "target_temperature_2m_max": 17.036745071411133,
  "target_temperature_2m_min": 10.098963737487793,
  "target_temperature_2m_mean": 13.805597305297852,
  "target_will_rain": 0.6048056483268738,
  "target_windspeed_10m_max": 13.122339248657227
}