{
  "target_temperature_2m_max": 10.081690788269043,
  "target_temperature_2m_min": 3.2506520748138428,
  "target_temperature_2m_mean": 6.629432678222656,
  "target_will_rain": 0.6212708353996277,
  "target_windspeed_10m_max": 8.265218734741211
}