{
  "target_temperature_2m_max": 20.39850616455078,
  "target_temperature_2m_min": 11.918072700500488,
  "target_temperature_2m_mean": 16.277515411376953,
  "target_will_rain": 0.5716964602470398,
  "target_windspeed_10m_max": 9.29847526550293
}