{
  "target_temperature_2m_max": 17.141094207763672,
  "target_temperature_2m_min": 8.240260124206543,
  "target_temperature_2m_mean": 12.58420181274414,
  "target_will_rain": 0.6735072731971741,
  "target_windspeed_10m_max": 10.144577026367188
}