{
  "target_temperature_2m_max": 22.667621612548828,
  "target_temperature_2m_min": 14.778727531433105,
  "target_temperature_2m_mean": 18.957799911499023,
  "target_will_rain": 0.536931574344635,
  "target_windspeed_10m_max": 8.349648475646973
}