{
  "target_temperature_2m_max": 12.985258102416992,
  "target_temperature_2m_min": 5.50743293762207,
  "target_temperature_2m_mean": 9.243281364440918,
  "target_will_rain": 0.6145161390304565,
  "target_windspeed_10m_max": 8.774470329284668
}