{
  "target_temperature_2m_max": 18.60653305053711,
  "target_temperature_2m_min": 9.987130165100098,
  "target_temperature_2m_mean": 14.353143692016602,
  "target_will_rain": 0.6289090514183044,
  "target_windspeed_10m_max": 9.919539451599121
}