{
  "target_temperature_2m_max": 23.291446685791016,
  "target_temperature_2m_min": 15.402976989746094,
  "target_temperature_2m_mean": 19.574077606201172,
  "target_will_rain": 0.526791512966156,
  "target_windspeed_10m_max": 8.323637008666992
}