{
  "target_temperature_2m_max": 15.803131103515625,
  "target_temperature_2m_min": 7.887613296508789,
  "target_temperature_2m_mean": 11.84757137298584,
  "target_will_rain": 0.5295619368553162,
  "target_windspeed_10m_max": 8.955503463745117
}