{
  "target_temperature_2m_max": 19.781736373901367,
  "target_temperature_2m_min": 11.281493186950684,
  "target_temperature_2m_mean": 15.581178665161133,
  "target_will_rain": 0.5670291185379028,
  "target_windspeed_10m_max": 9.35998249053955
}