{
  "target_temperature_2m_max": 15.825096130371094,
  "target_temperature_2m_min": 7.104152202606201,
  "target_temperature_2m_mean": 11.29537582397461,
  "target_will_rain": 0.6738899350166321,
  "target_windspeed_10m_max": 9.899799346923828
}