{
  "target_temperature_2m_max": 19.372074127197266,
  "target_temperature_2m_min": 11.26329517364502,
  "target_temperature_2m_mean": 15.520585060119629,
  "target_will_rain": 0.5504973530769348,
  "target_windspeed_10m_max": 8.982959747314453
}