{
  "target_temperature_2m_max": 17.581218719482422,
  "target_temperature_2m_min": 9.21819019317627,
  "target_temperature_2m_mean": 13.349465370178223,
  "target_will_rain": 0.5216742753982544,
  "target_windspeed_10m_max": 9.24447250366211
}