{
  "target_temperature_2m_max": 12.336348533630371,
  "target_temperature_2m_min": 5.278670787811279,
  "target_temperature_2m_mean": 8.716153144836426,
  "target_will_rain": 0.5109224319458008,
  "target_windspeed_10m_max": 8.075708389282227
}