{
  "target_temperature_2m_max": 23.354114532470703,
  "target_temperature_2m_min": 15.371533393859863,
  "target_temperature_2m_mean": 19.59895896911621,
  "target_will_rain": 0.5471892356872559,
  "target_windspeed_10m_max": 8.459294319152832
}