{
  "target_temperature_2m_max": 18.291027069091797,
  "target_temperature_2m_min": 10.233080863952637,
  "target_temperature_2m_mean": 14.205315589904785,
  "target_will_rain": 0.4983604848384857,
  "target_windspeed_10m_max": 8.633658409118652
}