{
  "target_temperature_2m_max": 20.887779235839844,
  "target_temperature_2m_min": 12.55956745147705,
  "target_temperature_2m_mean": 16.8958740234375,
  "target_will_rain": 0.610274612903595,
  "target_windspeed_10m_max": 9.198378562927246
}