{
  "target_temperature_2m_max": 17.483261108398438,
  "target_temperature_2m_min": 9.132951736450195,
  "target_temperature_2m_mean": 13.33930492401123,
  "target_will_rain": 0.7059639692306519,
  "target_windspeed_10m_max": 9.748738288879395
}