{
  "target_temperature_2m_max": 21.130041122436523,
  "target_temperature_2m_min": 12.696052551269531,
  "target_temperature_2m_mean": 17.028995513916016,
  "target_will_rain": 0.6284297704696655,
  "target_windspeed_10m_max": 9.375805854797363
}