{
  "target_temperature_2m_max": 12.545478820800781,
  "target_temperature_2m_min": 5.108087539672852,
  "target_temperature_2m_mean": 8.68079662322998,
  "target_will_rain": 0.5364311933517456,
  "target_windspeed_10m_max": 8.449151992797852
}