{
  "target_temperature_2m_max": 20.608383178710938,
  "target_temperature_2m_min": 12.103681564331055,
  "target_temperature_2m_mean": 16.526378631591797,
  "target_will_rain": 0.6090771555900574,
  "target_windspeed_10m_max": 9.594858169555664
}