{
  "target_temperature_2m_max": 23.108642578125,
  "target_temperature_2m_min": 15.13508129119873,
  "target_temperature_2m_mean": 19.34823226928711,
  "target_will_rain": 0.5487953424453735,
  "target_windspeed_10m_max": 8.4517240524292
}