{
  "target_temperature_2m_max": 14.96476936340332,
  "target_temperature_2m_min": 7.009994029998779,
  "target_temperature_2m_mean": 11.051095008850098,
  "target_will_rain": 0.6753112077713013,
  "target_windspeed_10m_max": 9.36262321472168
}