{
  "target_temperature_2m_max": 12.185415267944336,
  "target_temperature_2m_min": 4.804101467132568,
  "target_temperature_2m_mean": 8.45870304107666,
  "target_will_rain": 0.5582222938537598,
  "target_windspeed_10m_max": 8.553525924682617
}