{
  "target_temperature_2m_max": 13.279291152954102,
  "target_temperature_2m_min": 5.761666774749756,
  "target_temperature_2m_mean": 9.567599296569824,
  "target_will_rain": 0.6882708072662354,
  "target_windspeed_10m_max": 8.997626304626465
}