{
  "target_temperature_2m_max": 17.195751190185547,
  "target_temperature_2m_min": 9.239615440368652,
  "target_temperature_2m_mean": 13.26607608795166,
  "target_will_rain": 0.5694053769111633,
  "target_windspeed_10m_max": 8.9613037109375
}