{
  "target_temperature_2m_max": 17.748226165771484,
  "target_temperature_2m_min": 9.146039009094238,
  "target_temperature_2m_mean": 13.426440238952637,
  "target_will_rain": 0.6532853841781616,
  "target_windspeed_10m_max": 9.80588436126709
}