{
  "target_temperature_2m_max": 13.232438087463379,
  "target_temperature_2m_min": 5.5495285987854,
  "target_temperature_2m_mean": 9.426030158996582,
  "target_will_rain": 0.6594641208648682,
  "target_windspeed_10m_max": 9.116739273071289
}