{
  "target_temperature_2m_max": 22.20682144165039,
  "target_temperature_2m_min": 14.35042667388916,
  "target_temperature_2m_mean": 18.506610870361328,
  "target_will_rain": 0.5351082682609558,
  "target_windspeed_10m_max": 8.2818021774292
}