{
  "target_temperature_2m_max": 22.812110900878906,
  "target_temperature_2m_min": 14.980305671691895,
  "target_temperature_2m_mean": 19.096099853515625,
  "target_will_rain": 0.5078030228614807,
  "target_windspeed_10m_max": 8.2232027053833
}