{
  "target_temperature_2m_max": 14.699892044067383,
  "target_temperature_2m_min": 6.534865856170654,
  "target_temperature_2m_mean": 10.541877746582031,
  "target_will_rain": 0.6553500294685364,
  "target_windspeed_10m_max": 9.390902519226074
}