{
  "target_temperature_2m_max": 20.878232955932617,
  "target_temperature_2m_min": 12.25406551361084,
  "target_temperature_2m_mean": 16.553739547729492,
  "target_will_rain": 0.5319101214408875,
  "target_windspeed_10m_max": 9.294692993164062
}