{
  "target_temperature_2m_max": 16.767393112182617,
  "target_temperature_2m_min": 8.282537460327148,
  "target_temperature_2m_mean": 12.572219848632812,
  "target_will_rain": 0.7030658721923828,
  "target_windspeed_10m_max": 9.877053260803223
}