{
  "target_temperature_2m_max": 21.006488800048828,
  "target_temperature_2m_min": 13.320662498474121,
  "target_temperature_2m_mean": 17.368515014648438,
  "target_will_rain": 0.5528348684310913,
  "target_windspeed_10m_max": 8.221199035644531
}