{
  "target_temperature_2m_max": 18.642850875854492,
  "target_temperature_2m_min": 10.561067581176758,
  "target_temperature_2m_mean": 14.6458740234375,
  "target_will_rain": 0.5421091914176941,
  "target_windspeed_10m_max": 8.82907772064209
}