{
  "target_temperature_2m_max": 20.056846618652344,
  "target_temperature_2m_min": 12.029568672180176,
  "target_temperature_2m_mean": 16.18625259399414,
  "target_will_rain": 0.5256252884864807,
  "target_windspeed_10m_max": 8.812591552734375
}