{
  "target_temperature_2m_max": 15.162250518798828,
  "target_temperature_2m_min": 6.829256534576416,
  "target_temperature_2m_mean": 11.044243812561035,
  "target_will_rain": 0.6857672929763794,
  "target_windspeed_10m_max": 9.743221282958984
}