{
  "target_temperature_2m_max": 17.213056564331055,
  "target_temperature_2m_min": 9.448285102844238,
  "target_temperature_2m_mean": 13.321623802185059,
  "target_will_rain": 0.4529293477535248,
  "target_windspeed_10m_max": 8.335616111755371
}