{
  "target_temperature_2m_max": 16.963764190673828,
  "target_temperature_2m_min": 8.339698791503906,
  "target_temperature_2m_mean": 12.619030952453613,
  "target_will_rain": 0.6684930324554443,
  "target_windspeed_10m_max": 9.905179977416992
}