{
  "target_temperature_2m_max": 10.079591751098633,
  "target_temperature_2m_min": 3.2491273880004883,
  "target_temperature_2m_mean": 6.627683639526367,
  "target_will_rain": 0.6212355494499207,
  "target_windspeed_10m_max": 8.264657020568848
}