{
  "target_temperature_2m_max": 16.266265869140625,
  "target_temperature_2m_min": 7.606314182281494,
  "target_temperature_2m_mean": 11.903830528259277,
  "target_will_rain": 0.7064207792282104,
  "target_windspeed_10m_max": 9.98216438293457
}