{
  "target_temperature_2m_max": 18.85419464111328,
  "target_temperature_2m_min": 9.955731391906738,
  "target_temperature_2m_mean": 14.301684379577637,
  "target_will_rain": 0.6175713539123535,
  "target_windspeed_10m_max": 10.016037940979004
}