{
  "target_temperature_2m_max": 16.159143447875977,
  "target_temperature_2m_min": 7.849784851074219,
  "target_temperature_2m_mean": 12.043757438659668,
  "target_will_rain": 0.7116490006446838,
  "target_windspeed_10m_max": 9.71233081817627
}