{
  "target_temperature_2m_max": 11.375288009643555,
  "target_temperature_2m_min": 4.631499767303467,
  "target_temperature_2m_mean": 7.849941730499268,
  "target_will_rain": 0.42529261112213135,
  "target_windspeed_10m_max": 7.586680889129639
}