{
  "target_temperature_2m_max": 20.832576751708984,
  "target_temperature_2m_min": 12.229416847229004,
  "target_temperature_2m_mean": 16.588905334472656,
  "target_will_rain": 0.6024394035339355,
  "target_windspeed_10m_max": 9.464637756347656
}