{
  "target_temperature_2m_max": 15.032496452331543,
  "target_temperature_2m_min": 7.075289726257324,
  "target_temperature_2m_mean": 10.974400520324707,
  "target_will_rain": 0.54927659034729,
  "target_windspeed_10m_max": 9.012900352478027
}