{
  "target_temperature_2m_max": 14.506360054016113,
  "target_temperature_2m_min": 6.705358982086182,
  "target_temperature_2m_mean": 10.594002723693848,
  "target_will_rain": 0.6126432418823242,
  "target_windspeed_10m_max": 8.974782943725586
}