{
  "target_temperature_2m_max": 22.783466339111328,
  "target_temperature_2m_min": 14.77727222442627,
  "target_temperature_2m_mean": 18.98194122314453,
  "target_will_rain": 0.529360830783844,
  "target_windspeed_10m_max": 8.592544555664062
}