{
  "target_temperature_2m_max": 20.672470092773438,
  "target_temperature_2m_min": 11.990153312683105,
  "target_temperature_2m_mean": 16.330036163330078,
  "target_will_rain": 0.5924988389015198,
  "target_windspeed_10m_max": 9.494725227355957
}