{
  "target_temperature_2m_max": 17.190353393554688,
  "target_temperature_2m_min": 9.0886812210083,
  "target_temperature_2m_mean": 13.060041427612305,
  "target_will_rain": 0.5087264776229858,
  "target_windspeed_10m_max": 8.909235954284668
}