{
  "target_temperature_2m_max": 18.310888290405273,
  "target_temperature_2m_min": 10.338969230651855,
  "target_temperature_2m_mean": 14.255264282226562,
  "target_will_rain": 0.5329702496528625,
  "target_windspeed_10m_max": 8.563944816589355
}