{
  "target_temperature_2m_max": 15.401755332946777,
  "target_temperature_2m_min": 7.164549350738525,
  "target_temperature_2m_mean": 11.275007247924805,
  "target_will_rain": 0.6696048378944397,
  "target_windspeed_10m_max": 9.508935928344727
}