{
  "target_temperature_2m_max": 16.170089721679688,
  "target_temperature_2m_min": 8.001099586486816,
  "target_temperature_2m_mean": 12.116643905639648,
  "target_will_rain": 0.6748029589653015,
  "target_windspeed_10m_max": 9.49353313446045
}