{
  "target_temperature_2m_max": 11.952263832092285,
  "target_temperature_2m_min": 4.6262898445129395,
  "target_temperature_2m_mean": 8.118935585021973,
  "target_will_rain": 0.4810711443424225,
  "target_windspeed_10m_max": 8.334399223327637
}