{
  "target_temperature_2m_max": 8.500362396240234,
  "target_temperature_2m_min": 2.8083550930023193,
  "target_temperature_2m_mean": 5.485422134399414,
  "target_will_rain": 0.3231607973575592,
  "target_windspeed_10m_max": 6.497585296630859
}