{
  "target_temperature_2m_max": 23.013761520385742,
  "target_temperature_2m_min": 14.974538803100586,
  "target_temperature_2m_mean": 19.2371768951416,
  "target_will_rain": 0.5622368454933167,
  "target_windspeed_10m_max": 8.544038772583008
}