{
  "target_temperature_2m_max": 13.394278526306152,
  "target_temperature_2m_min": 5.75972318649292,
  "target_temperature_2m_mean": 9.622223854064941,
  "target_will_rain": 0.6735804080963135,
  "target_windspeed_10m_max": 9.0858793258667
}