{
  "target_temperature_2m_max": 18.004453659057617,
  "target_temperature_2m_min": 9.687538146972656,
  "target_temperature_2m_mean": 13.778903007507324,
  "target_will_rain": 0.5481635928153992,
  "target_windspeed_10m_max": 9.174108505249023
}