{
  "target_temperature_2m_max": 22.77570152282715,
  "target_temperature_2m_min": 14.948954582214355,
  "target_temperature_2m_mean": 19.083606719970703,
  "target_will_rain": 0.5180261135101318,
  "target_windspeed_10m_max": 8.22443675994873
}