{
  "target_temperature_2m_max": 21.886268615722656,
  "target_temperature_2m_min": 14.014504432678223,
  "target_temperature_2m_mean": 18.116992950439453,
  "target_will_rain": 0.508492112159729,
  "target_windspeed_10m_max": 8.397273063659668
}