{
  "target_temperature_2m_max": 21.415374755859375,
  "target_temperature_2m_min": 13.493266105651855,
  "target_temperature_2m_mean": 17.671504974365234,
  "target_will_rain": 0.5751737356185913,
  "target_windspeed_10m_max": 8.594380378723145
}