{
  "target_temperature_2m_max": 12.864553451538086,
  "target_temperature_2m_min": 5.413860321044922,
  "target_temperature_2m_mean": 9.184710502624512,
  "target_will_rain": 0.5927382707595825,
  "target_windspeed_10m_max": 8.639256477355957
}