{
  "target_temperature_2m_max": 17.615554809570312,
  "target_temperature_2m_min": 9.690784454345703,
  "target_temperature_2m_mean": 13.625727653503418,
  "target_will_rain": 0.499452143907547,
  "target_windspeed_10m_max": 8.63196086883545
}