{
  "target_temperature_2m_max": 17.449390411376953,
  "target_temperature_2m_min": 8.638214111328125,
  "target_temperature_2m_mean": 12.966225624084473,
  "target_will_rain": 0.6448473930358887,
  "target_windspeed_10m_max": 9.98083209991455
}