{
  "target_temperature_2m_max": 11.254148483276367,
  "target_temperature_2m_min": 4.2574944496154785,
  "target_temperature_2m_mean": 7.704633712768555,
  "target_will_rain": 0.581684947013855,
  "target_windspeed_10m_max": 8.366881370544434
}