{
  "target_temperature_2m_max": 20.98172950744629,
  "target_temperature_2m_min": 12.397191047668457,
  "target_temperature_2m_mean": 16.699512481689453,
  "target_will_rain": 0.5978307127952576,
  "target_windspeed_10m_max": 9.321011543273926
}