{
  "target_temperature_2m_max": 14.785696983337402,
  "target_temperature_2m_min": 7.0993475914001465,
  "target_temperature_2m_mean": 10.84276294708252,
  "target_will_rain": 0.5118921399116516,
  "target_windspeed_10m_max": 8.627928733825684
}