{
  "target_temperature_2m_max": 13.974946975708008,
  "target_temperature_2m_min": 6.07289457321167,
  "target_temperature_2m_mean": 10.011399269104004,
  "target_will_rain": 0.6515646576881409,
  "target_windspeed_10m_max": 9.225061416625977
}