{
  "target_temperature_2m_max": 13.011846542358398,
  "target_temperature_2m_min": 5.788227558135986,
  "target_temperature_2m_mean": 9.481062889099121,
  "target_will_rain": 0.6134170889854431,
  "target_windspeed_10m_max": 8.428509712219238
}