{
  "target_temperature_2m_max": 14.071105003356934,
  "target_temperature_2m_min": 6.298793315887451,
  "target_temperature_2m_mean": 10.254485130310059,
  "target_will_rain": 0.6859825253486633,
  "target_windspeed_10m_max": 9.165864944458008
}