{
  "target_temperature_2m_max": 12.316654205322266,
  "target_temperature_2m_min": 5.1118998527526855,
  "target_temperature_2m_mean": 8.665583610534668,
  "target_will_rain": 0.49167487025260925,
  "target_windspeed_10m_max": 8.298774719238281
}