{
  "target_temperature_2m_max": 19.10537338256836,
  "target_temperature_2m_min": 10.296387672424316,
  "target_temperature_2m_mean": 14.657526969909668,
  "target_will_rain": 0.5355141758918762,
  "target_windspeed_10m_max": 9.910463333129883
}