{
  "target_temperature_2m_max": 14.185847282409668,
  "target_temperature_2m_min": 7.200926780700684,
  "target_temperature_2m_mean": 10.663692474365234,
  "target_will_rain": 0.42160677909851074,
  "target_windspeed_10m_max": 7.391761302947998
}