{
  "target_temperature_2m_max": 18.412717819213867,
  "target_temperature_2m_min": 10.388606071472168,
  "target_temperature_2m_mean": 14.488161087036133,
  "target_will_rain": 0.38616225123405457,
  "target_windspeed_10m_max": 8.144401550292969
}