{
  "target_temperature_2m_max": 21.042919158935547,
  "target_temperature_2m_min": 12.608089447021484,
  "target_temperature_2m_mean": 17.026437759399414,
  "target_will_rain": 0.4712163209915161,
  "target_windspeed_10m_max": 8.835138320922852
}