{
  "target_temperature_2m_max": 21.257183074951172,
  "target_temperature_2m_min": 12.689981460571289,
  "target_temperature_2m_mean": 17.185260772705078,
  "target_will_rain": 0.4408116042613983,
  "target_windspeed_10m_max": 8.839670181274414
}