{
  "target_temperature_2m_max": 24.634578704833984,
  "target_temperature_2m_min": 16.4017276763916,
  "target_temperature_2m_mean": 20.82209014892578,
  "target_will_rain": 0.454047292470932,
  "target_windspeed_10m_max": 8.468600273132324
}