{
  "target_temperature_2m_max": 20.722278594970703,
  "target_temperature_2m_min": 12.333781242370605,
  "target_temperature_2m_mean": 16.686243057250977,
  "target_will_rain": 0.4251940846443176,
  "target_windspeed_10m_max": 8.625466346740723
}