{
  "target_temperature_2m_max": 20.795330047607422,
  "target_temperature_2m_min": 12.377166748046875,
  "target_temperature_2m_mean": 16.770076751708984,
  "target_will_rain": 0.45636919140815735,
  "target_windspeed_10m_max": 8.85493278503418
}