{
  "target_temperature_2m_max": 16.773937225341797,
  "target_temperature_2m_min": 9.338204383850098,
  "target_temperature_2m_mean": 13.109427452087402,
  "target_will_rain": 0.39243417978286743,
  "target_windspeed_10m_max": 7.770697593688965
}