{
  "target_temperature_2m_max": 24.78195571899414,
  "target_temperature_2m_min": 16.54677963256836,
  "target_temperature_2m_mean": 20.97662353515625,
  "target_will_rain": 0.4597821831703186,
  "target_windspeed_10m_max": 8.49061393737793
}