{
  "target_temperature_2m_max": 22.286561965942383,
  "target_temperature_2m_min": 13.717644691467285,
  "target_temperature_2m_mean": 18.30027198791504,
  "target_will_rain": 0.5106444954872131,
  "target_windspeed_10m_max": 9.055678367614746
}