{
  "target_temperature_2m_max": 11.584397315979004,
  "target_temperature_2m_min": 5.469855308532715,
  "target_temperature_2m_mean": 8.413640975952148,
  "target_will_rain": 0.35384106636047363,
  "target_windspeed_10m_max": 6.364569664001465
}