{
  "target_temperature_2m_max": 18.594100952148438,
  "target_temperature_2m_min": 10.717408180236816,
  "target_temperature_2m_mean": 14.800359725952148,
  "target_will_rain": 0.40652307868003845,
  "target_windspeed_10m_max": 8.253399848937988
}