{
  "target_temperature_2m_max": 19.919992446899414,
  "target_temperature_2m_min": 11.78392505645752,
  "target_temperature_2m_mean": 16.025489807128906,
  "target_will_rain": 0.4469316303730011,
  "target_windspeed_10m_max": 8.428703308105469
}