{
  "target_temperature_2m_max": 15.011307716369629,
  "target_temperature_2m_min": 7.692667484283447,
  "target_temperature_2m_mean": 11.279934883117676,
  "target_will_rain": 0.3298359811306,
  "target_windspeed_10m_max": 7.247717380523682
}