{
  "target_temperature_2m_max": 15.672967910766602,
  "target_temperature_2m_min": 8.525711059570312,
  "target_temperature_2m_mean": 12.146121978759766,
  "target_will_rain": 0.34981289505958557,
  "target_windspeed_10m_max": 7.15468692779541
}