{
  "target_temperature_2m_max": 21.785865783691406,
  "target_temperature_2m_min": 13.185436248779297,
  "target_temperature_2m_mean": 17.692764282226562,
  "target_will_rain": 0.44679173827171326,
  "target_windspeed_10m_max": 8.93332290649414
}