{
  "target_temperature_2m_max": 14.592671394348145,
  "target_temperature_2m_min": 7.5921525955200195,
  "target_temperature_2m_mean": 11.060186386108398,
  "target_will_rain": 0.44554048776626587,
  "target_windspeed_10m_max": 7.369258880615234
}