{
  "target_temperature_2m_max": 22.345989227294922,
  "target_temperature_2m_min": 13.776644706726074,
  "target_temperature_2m_mean": 18.35354995727539,
  "target_will_rain": 0.5268805027008057,
  "target_windspeed_10m_max": 9.123987197875977
}