{
  "target_temperature_2m_max": 19.741436004638672,
  "target_temperature_2m_min": 11.43262004852295,
  "target_temperature_2m_mean": 15.776144981384277,
  "target_will_rain": 0.43768441677093506,
  "target_windspeed_10m_max": 8.468116760253906
}