{
  "target_temperature_2m_max": 21.248069763183594,
  "target_temperature_2m_min": 12.709733009338379,
  "target_temperature_2m_mean": 17.1641788482666,
  "target_will_rain": 0.4491301476955414,
  "target_windspeed_10m_max": 8.858858108520508
}