{
  "target_temperature_2m_max": 18.241119384765625,
  "target_temperature_2m_min": 10.618441581726074,
  "target_temperature_2m_mean": 14.596553802490234,
  "target_will_rain": 0.3790903687477112,
  "target_windspeed_10m_max": 7.96437406539917
}