{
  "target_temperature_2m_max": 19.19230842590332,
  "target_temperature_2m_min": 11.127835273742676,
  "target_temperature_2m_mean": 15.322025299072266,
  "target_will_rain": 0.407798707485199,
  "target_windspeed_10m_max": 8.37488079071045
}