{
  "target_temperature_2m_max": 20.11849021911621,
  "target_temperature_2m_min": 11.786140441894531,
  "target_temperature_2m_mean": 16.115705490112305,
  "target_will_rain": 0.4154388904571533,
  "target_windspeed_10m_max": 8.489676475524902
}