{
  "target_temperature_2m_max": 24.303674697875977,
  "target_temperature_2m_min": 16.041744232177734,
  "target_temperature_2m_mean": 20.471820831298828,
  "target_will_rain": 0.464122474193573,
  "target_windspeed_10m_max": 8.467707633972168
}