{
  "target_temperature_2m_max": 20.798641204833984,
  "target_temperature_2m_min": 12.400739669799805,
  "target_temperature_2m_mean": 16.8077392578125,
  "target_will_rain": 0.47162848711013794,
  "target_windspeed_10m_max": 8.859182357788086
}