{
  "target_temperature_2m_max": 20.074710845947266,
  "target_temperature_2m_min": 11.710827827453613,
  "target_temperature_2m_mean": 16.07987403869629,
  "target_will_rain": 0.4299042224884033,
  "target_windspeed_10m_max": 8.540249824523926
}