{
  "target_temperature_2m_max": 21.318408966064453,
  "target_temperature_2m_min": 12.918880462646484,
  "target_temperature_2m_mean": 17.4139347076416,
  "target_will_rain": 0.4843815565109253,
  "target_windspeed_10m_max": 8.684078216552734
}