{
  "target_temperature_2m_max": 21.742530822753906,
  "target_temperature_2m_min": 13.213862419128418,
  "target_temperature_2m_mean": 17.71993637084961,
  "target_will_rain": 0.48200395703315735,
  "target_windspeed_10m_max": 8.929614067077637
}