{
  "target_temperature_2m_max": 20.769638061523438,
  "target_temperature_2m_min": 12.238710403442383,
  "target_temperature_2m_mean": 16.69758415222168,
  "target_will_rain": 0.46404126286506653,
  "target_windspeed_10m_max": 8.857521057128906
}