{
  "target_temperature_2m_max": 21.799617767333984,
  "target_temperature_2m_min": 13.237756729125977,
  "target_temperature_2m_mean": 17.771699905395508,
  "target_will_rain": 0.4865383505821228,
  "target_windspeed_10m_max": 8.932209968566895
}