{
  "target_temperature_2m_max": 23.291667938232422,
  "target_temperature_2m_min": 14.88734245300293,
  "target_temperature_2m_mean": 19.318275451660156,
  "target_will_rain": 0.44304317235946655,
  "target_windspeed_10m_max": 8.58289909362793
}