{
  "target_temperature_2m_max": 22.249221801757812,
  "target_temperature_2m_min": 13.785639762878418,
  "target_temperature_2m_mean": 18.27461051940918,
  "target_will_rain": 0.4630023241043091,
  "target_windspeed_10m_max": 8.759954452514648
}