{
  "target_temperature_2m_max": 22.380325317382812,
  "target_temperature_2m_min": 14.043437004089355,
  "target_temperature_2m_mean": 18.422618865966797,
  "target_will_rain": 0.4363894760608673,
  "target_windspeed_10m_max": 8.565339088439941
}