{
  "target_temperature_2m_max": 24.23076820373535,
  "target_temperature_2m_min": 16.03524398803711,
  "target_temperature_2m_mean": 20.40719985961914,
  "target_will_rain": 0.4444895386695862,
  "target_windspeed_10m_max": 8.396232604980469
}