{
  "target_temperature_2m_max": 16.22254753112793,
  "target_temperature_2m_min": 8.76063060760498,
  "target_temperature_2m_mean": 12.488388061523438,
  "target_will_rain": 0.4108412265777588,
  "target_windspeed_10m_max": 7.822990417480469
}