{
  "target_temperature_2m_max": 18.022642135620117,
  "target_temperature_2m_min": 10.480998992919922,
  "target_temperature_2m_mean": 14.444974899291992,
  "target_will_rain": 0.4484892785549164,
  "target_windspeed_10m_max": 7.851983070373535
}