{
  "target_temperature_2m_max": 21.36829948425293,
  "target_temperature_2m_min": 12.830462455749512,
  "target_temperature_2m_mean": 17.313270568847656,
  "target_will_rain": 0.47533920407295227,
  "target_windspeed_10m_max": 8.84932804107666
}