{
  "target_temperature_2m_max": 22.812341690063477,
  "target_temperature_2m_min": 14.353178024291992,
  "target_temperature_2m_mean": 18.85464859008789,
  "target_will_rain": 0.4959132969379425,
  "target_windspeed_10m_max": 8.89521598815918
}