{
  "target_temperature_2m_max": 22.58481216430664,
  "target_temperature_2m_min": 14.003437042236328,
  "target_temperature_2m_mean": 18.54280662536621,
  "target_will_rain": 0.48232874274253845,
  "target_windspeed_10m_max": 8.833184242248535
}