{
  "target_temperature_2m_max": 22.896495819091797,
  "target_temperature_2m_min": 14.359028816223145,
  "target_temperature_2m_mean": 18.91517448425293,
  "target_will_rain": 0.5113137364387512,
  "target_windspeed_10m_max": 9.01676082611084
}