{
  "target_temperature_2m_max": 18.343921661376953,
  "target_temperature_2m_min": 10.39720344543457,
  "target_temperature_2m_mean": 14.513160705566406,
  "target_will_rain": 0.42056405544281006,
  "target_windspeed_10m_max": 8.085245132446289
}