{
  "target_temperature_2m_max": 24.057899475097656,
  "target_temperature_2m_min": 15.708924293518066,
  "target_temperature_2m_mean": 20.20071029663086,
  "target_will_rain": 0.5045862793922424,
  "target_windspeed_10m_max": 8.749902725219727
}