{
  "target_temperature_2m_max": 17.65418243408203,
  "target_temperature_2m_min": 9.619321823120117,
  "target_temperature_2m_mean": 13.697257041931152,
  "target_will_rain": 0.4244225025177002,
  "target_windspeed_10m_max": 8.285173416137695
}