{
  "target_temperature_2m_max": 14.299341201782227,
  "target_temperature_2m_min": 7.27318811416626,
  "target_temperature_2m_mean": 10.735109329223633,
  "target_will_rain": 0.4523972272872925,
  "target_windspeed_10m_max": 7.560604095458984
}