{
  "target_temperature_2m_max": 20.107677459716797,
  "target_temperature_2m_min": 11.736002922058105,
  "target_temperature_2m_mean": 16.066265106201172,
  "target_will_rain": 0.40503913164138794,
  "target_windspeed_10m_max": 8.627890586853027
}