{
  "target_temperature_2m_max": 18.90591049194336,
  "target_temperature_2m_min": 10.7822847366333,
  "target_temperature_2m_mean": 14.945479393005371,
  "target_will_rain": 0.3915839195251465,
  "target_windspeed_10m_max": 8.309343338012695
}