{
  "target_temperature_2m_max": 23.003673553466797,
  "target_temperature_2m_min": 14.485950469970703,
  "target_temperature_2m_mean": 19.046375274658203,
  "target_will_rain": 0.5453449487686157,
  "target_windspeed_10m_max": 9.07590389251709
}