{
  "target_temperature_2m_max": 19.172691345214844,
  "target_temperature_2m_min": 11.106966018676758,
  "target_temperature_2m_mean": 15.264309883117676,
  "target_will_rain": 0.3505484461784363,
  "target_windspeed_10m_max": 8.193145751953125
}