{
  "target_temperature_2m_max": 20.02545928955078,
  "target_temperature_2m_min": 11.72789478302002,
  "target_temperature_2m_mean": 16.037073135375977,
  "target_will_rain": 0.4635108709335327,
  "target_windspeed_10m_max": 8.553369522094727
}