{
  "target_temperature_2m_max": 21.69096565246582,
  "target_temperature_2m_min": 13.133618354797363,
  "target_temperature_2m_mean": 17.67630386352539,
  "target_will_rain": 0.5292442440986633,
  "target_windspeed_10m_max": 8.979365348815918
}