{
  "target_temperature_2m_max": 17.4627628326416,
  "target_temperature_2m_min": 9.534974098205566,
  "target_temperature_2m_mean": 13.520566940307617,
  "target_will_rain": 0.35892656445503235,
  "target_windspeed_10m_max": 7.879638671875
}