{
  "target_temperature_2m_max": 24.491077423095703,
  "target_temperature_2m_min": 16.295806884765625,
  "target_temperature_2m_mean": 20.682607650756836,
  "target_will_rain": 0.4504542350769043,
  "target_windspeed_10m_max": 8.425994873046875
}