{
  "target_temperature_2m_max": 19.665355682373047,
  "target_temperature_2m_min": 11.333149909973145,
  "target_temperature_2m_mean": 15.616191864013672,
  "target_will_rain": 0.4232083559036255,
  "target_windspeed_10m_max": 8.56878662109375
}