{
  "target_temperature_2m_max": 16.57719612121582,
  "target_temperature_2m_min": 8.982869148254395,
  "target_temperature_2m_mean": 12.779500961303711,
  "target_will_rain": 0.34720882773399353,
  "target_windspeed_10m_max": 7.692777156829834
}