{
  "target_temperature_2m_max": 24.54034423828125,
  "target_temperature_2m_min": 16.317790985107422,
  "target_temperature_2m_mean": 20.71887969970703,
  "target_will_rain": 0.45269179344177246,
  "target_windspeed_10m_max": 8.451770782470703
}