{
  "target_temperature_2m_max": 16.03217124938965,
  "target_temperature_2m_min": 8.785361289978027,
  "target_temperature_2m_mean": 12.464740753173828,
  "target_will_rain": 0.35299304127693176,
  "target_windspeed_10m_max": 7.2530388832092285
}