{
  "target_temperature_2m_max": 20.898916244506836,
  "target_temperature_2m_min": 12.333675384521484,
  "target_temperature_2m_mean": 16.819931030273438,
  "target_will_rain": 0.45198580622673035,
  "target_windspeed_10m_max": 8.911072731018066
}