{
  "target_temperature_2m_max": 23.849594116210938,
  "target_temperature_2m_min": 15.607806205749512,
  "target_temperature_2m_mean": 20.001956939697266,
  "target_will_rain": 0.46084684133529663,
  "target_windspeed_10m_max": 8.424511909484863
}