{
  "target_temperature_2m_max": 20.84675407409668,
  "target_temperature_2m_min": 13.19144058227539,
  "target_temperature_2m_mean": 17.223236083984375,
  "target_will_rain": 0.3733188509941101,
  "target_windspeed_10m_max": 13.150111198425293
}