{
  "target_temperature_2m_max": 9.577350616455078,
  "target_temperature_2m_min": 3.834597110748291,
  "target_temperature_2m_mean": 6.747509956359863,
  "target_will_rain": 0.455671489238739,
  "target_windspeed_10m_max": 10.454156875610352
}