{
  "target_temperature_2m_max": 10.676267623901367,
  "target_temperature_2m_min": 5.269181728363037,
  "target_temperature_2m_mean": 7.949672222137451,
  "target_will_rain": 0.3555191159248352,
  "target_windspeed_10m_max": 9.893125534057617
}