{
  "target_temperature_2m_max": 18.98053741455078,
  "target_temperature_2m_min": 12.104337692260742,
  "target_temperature_2m_mean": 15.626489639282227,
  "target_will_rain": 0.40502434968948364,
  "target_windspeed_10m_max": 11.260444641113281
}