{
  "target_temperature_2m_max": 21.630943298339844,
  "target_temperature_2m_min": 14.241647720336914,
  "target_temperature_2m_mean": 18.166522979736328,
  "target_will_rain": 0.277890682220459,
  "target_windspeed_10m_max": 12.169229507446289
}