{
  "target_temperature_2m_max": 18.86870765686035,
  "target_temperature_2m_min": 11.33013916015625,
  "target_temperature_2m_mean": 15.374841690063477,
  "target_will_rain": 0.4288718104362488,
  "target_windspeed_10m_max": 12.320341110229492
}