{
  "target_temperature_2m_max": 16.686559677124023,
  "target_temperature_2m_min": 8.599247932434082,
  "target_temperature_2m_mean": 12.890510559082031,
  "target_will_rain": 0.5284402370452881,
  "target_windspeed_10m_max": 14.917242050170898
}