{
  "target_temperature_2m_max": 12.823296546936035,
  "target_temperature_2m_min": 5.880642414093018,
  "target_temperature_2m_mean": 9.388940811157227,
  "target_will_rain": 0.5405922532081604,
  "target_windspeed_10m_max": 12.922385215759277
}