{
  "target_temperature_2m_max": 11.457254409790039,
  "target_temperature_2m_min": 6.132530689239502,
  "target_temperature_2m_mean": 8.800168991088867,
  "target_will_rain": 0.26521897315979004,
  "target_windspeed_10m_max": 8.970816612243652
}