{
  "target_temperature_2m_max": 10.786249160766602,
  "target_temperature_2m_min": 4.487525463104248,
  "target_temperature_2m_mean": 7.633012771606445,
  "target_will_rain": 0.5066720843315125,
  "target_windspeed_10m_max": 12.469368934631348
}