{
  "target_temperature_2m_max": 17.666275024414062,
  "target_temperature_2m_min": 10.728066444396973,
  "target_temperature_2m_mean": 14.415451049804688,
  "target_will_rain": 0.403128445148468,
  "target_windspeed_10m_max": 11.183778762817383
}