{
  "target_temperature_2m_max": 17.954330444335938,
  "target_temperature_2m_min": 11.021934509277344,
  "target_temperature_2m_mean": 14.704900741577148,
  "target_will_rain": 0.3679952025413513,
  "target_windspeed_10m_max": 11.059158325195312
}