{
  "target_temperature_2m_max": 19.39920997619629,
  "target_temperature_2m_min": 11.492541313171387,
  "target_temperature_2m_mean": 15.822929382324219,
  "target_will_rain": 0.27151674032211304,
  "target_windspeed_10m_max": 13.102267265319824
}