{
  "target_temperature_2m_max": 22.282499313354492,
  "target_temperature_2m_min": 14.85493278503418,
  "target_temperature_2m_mean": 18.739870071411133,
  "target_will_rain": 0.376653254032135,
  "target_windspeed_10m_max": 12.05211067199707
}