{
  "target_temperature_2m_max": 14.818416595458984,
  "target_temperature_2m_min": 8.35644817352295,
  "target_temperature_2m_mean": 11.857851028442383,
  "target_will_rain": 0.19327975809574127,
  "target_windspeed_10m_max": 10.532032012939453
}