{
  "target_temperature_2m_max": 17.59933853149414,
  "target_temperature_2m_min": 9.509530067443848,
  "target_temperature_2m_mean": 13.751212120056152,
  "target_will_rain": 0.527159571647644,
  "target_windspeed_10m_max": 14.5836181640625
}