{
  "target_temperature_2m_max": 16.717609405517578,
  "target_temperature_2m_min": 8.470065116882324,
  "target_temperature_2m_mean": 12.819849014282227,
  "target_will_rain": 0.5478754639625549,
  "target_windspeed_10m_max": 15.234223365783691
}