{
  "target_temperature_2m_max": 20.22859764099121,
  "target_temperature_2m_min": 12.956191062927246,
  "target_temperature_2m_mean": 16.854530334472656,
  "target_will_rain": 0.29474127292633057,
  "target_windspeed_10m_max": 11.946438789367676
}