{
  "target_temperature_2m_max": 12.268856048583984,
  "target_temperature_2m_min": 5.343321800231934,
  "target_temperature_2m_mean": 8.810113906860352,
  "target_will_rain": 0.5654380917549133,
  "target_windspeed_10m_max": 13.662715911865234
}