{
  "target_temperature_2m_max": 16.384784698486328,
  "target_temperature_2m_min": 8.485725402832031,
  "target_temperature_2m_mean": 12.6607027053833,
  "target_will_rain": 0.4966280460357666,
  "target_windspeed_10m_max": 13.672883987426758
}