{
  "target_temperature_2m_max": 19.004552841186523,
  "target_temperature_2m_min": 11.645180702209473,
  "target_temperature_2m_mean": 15.53975772857666,
  "target_will_rain": 0.439430832862854,
  "target_windspeed_10m_max": 12.31497859954834
}