{
  "target_temperature_2m_max": 22.347862243652344,
  "target_temperature_2m_min": 14.734122276306152,
  "target_temperature_2m_mean": 18.713275909423828,
  "target_will_rain": 0.3470412492752075,
  "target_windspeed_10m_max": 12.413606643676758
}