{
  "target_temperature_2m_max": 18.848114013671875,
  "target_temperature_2m_min": 10.917259216308594,
  "target_temperature_2m_mean": 15.10986614227295,
  "target_will_rain": 0.4247593879699707,
  "target_windspeed_10m_max": 13.648785591125488
}