{
  "target_temperature_2m_max": 9.59813404083252,
  "target_temperature_2m_min": 5.075591564178467,
  "target_temperature_2m_mean": 7.186924457550049,
  "target_will_rain": 0.355807363986969,
  "target_windspeed_10m_max": 9.038009643554688
}