{
  "target_temperature_2m_max": 17.72658348083496,
  "target_temperature_2m_min": 9.947580337524414,
  "target_temperature_2m_mean": 13.963775634765625,
  "target_will_rain": 0.5224059224128723,
  "target_windspeed_10m_max": 13.990650177001953
}