{
  "target_temperature_2m_max": 18.348979949951172,
  "target_temperature_2m_min": 10.004377365112305,
  "target_temperature_2m_mean": 14.4619140625,
  "target_will_rain": 0.5228950381278992,
  "target_windspeed_10m_max": 15.043370246887207
}