{
  "target_temperature_2m_max": 22.767892837524414,
  "target_temperature_2m_min": 15.136055946350098,
  "target_temperature_2m_mean": 19.09393310546875,
  "target_will_rain": 0.38401490449905396,
  "target_windspeed_10m_max": 12.69072151184082
}