{
  "target_temperature_2m_max": 20.3106689453125,
  "target_temperature_2m_min": 12.425152778625488,
  "target_temperature_2m_mean": 16.730579376220703,
  "target_will_rain": 0.34971076250076294,
  "target_windspeed_10m_max": 13.636841773986816
}