{
  "target_temperature_2m_max": 10.592071533203125,
  "target_temperature_2m_min": 4.263329029083252,
  "target_temperature_2m_mean": 7.3959174156188965,
  "target_will_rain": 0.4934496283531189,
  "target_windspeed_10m_max": 12.680037498474121
}