{
  "target_temperature_2m_max": 14.895648002624512,
  "target_temperature_2m_min": 7.125058650970459,
  "target_temperature_2m_mean": 11.065397262573242,
  "target_will_rain": 0.5846486687660217,
  "target_windspeed_10m_max": 14.64013957977295
}