{
  "target_temperature_2m_max": 15.855923652648926,
  "target_temperature_2m_min": 7.868376731872559,
  "target_temperature_2m_mean": 11.962640762329102,
  "target_will_rain": 0.5843340754508972,
  "target_windspeed_10m_max": 14.944112777709961
}