{
  "target_temperature_2m_max": 9.509445190429688,
  "target_temperature_2m_min": 4.349497318267822,
  "target_temperature_2m_mean": 6.955793380737305,
  "target_will_rain": 0.32291293144226074,
  "target_windspeed_10m_max": 9.208035469055176
}