{
  "target_temperature_2m_max": 16.755056381225586,
  "target_temperature_2m_min": 9.788152694702148,
  "target_temperature_2m_mean": 13.60789680480957,
  "target_will_rain": 0.2744361162185669,
  "target_windspeed_10m_max": 11.169449806213379
}