{
  "target_temperature_2m_max": 20.958635330200195,
  "target_temperature_2m_min": 13.187200546264648,
  "target_temperature_2m_mean": 17.293384552001953,
  "target_will_rain": 0.3804444670677185,
  "target_windspeed_10m_max": 12.63244915008545
}