{
  "target_temperature_2m_max": 10.593310356140137,
  "target_temperature_2m_min": 4.264204502105713,
  "target_temperature_2m_mean": 7.397003173828125,
  "target_will_rain": 0.4935295581817627,
  "target_windspeed_10m_max": 12.680736541748047
}