{
  "target_temperature_2m_max": 20.099327087402344,
  "target_temperature_2m_min": 12.752693176269531,
  "target_temperature_2m_mean": 16.646121978759766,
  "target_will_rain": 0.4207537770271301,
  "target_windspeed_10m_max": 11.666420936584473
}