{
  "target_temperature_2m_max": 12.083990097045898,
  "target_temperature_2m_min": 5.387735843658447,
  "target_temperature_2m_mean": 8.758092880249023,
  "target_will_rain": 0.5426073670387268,
  "target_windspeed_10m_max": 13.624265670776367
}