{
  "target_temperature_2m_max": 18.548202514648438,
  "target_temperature_2m_min": 10.905441284179688,
  "target_temperature_2m_mean": 14.903597831726074,
  "target_will_rain": 0.3199695944786072,
  "target_windspeed_10m_max": 12.691878318786621
}