{
  "target_temperature_2m_max": 17.378929138183594,
  "target_temperature_2m_min": 9.3585205078125,
  "target_temperature_2m_mean": 13.543272018432617,
  "target_will_rain": 0.5276322960853577,
  "target_windspeed_10m_max": 14.861324310302734
}