{
  "target_temperature_2m_max": 19.43239974975586,
  "target_temperature_2m_min": 11.41907024383545,
  "target_temperature_2m_mean": 15.661827087402344,
  "target_will_rain": 0.49721843004226685,
  "target_windspeed_10m_max": 13.833183288574219
}