{
  "target_temperature_2m_max": 22.698638916015625,
  "target_temperature_2m_min": 15.081239700317383,
  "target_temperature_2m_mean": 19.045242309570312,
  "target_will_rain": 0.36797648668289185,
  "target_windspeed_10m_max": 12.4185791015625
}