{
  "target_temperature_2m_max": 22.434688568115234,
  "target_temperature_2m_min": 14.907958030700684,
  "target_temperature_2m_mean": 18.840282440185547,
  "target_will_rain": 0.3216537833213806,
  "target_windspeed_10m_max": 12.286961555480957
}