{
  "target_temperature_2m_max": 18.30611801147461,
  "target_temperature_2m_min": 10.625175476074219,
  "target_temperature_2m_mean": 14.66700267791748,
  "target_will_rain": 0.34229576587677,
  "target_windspeed_10m_max": 12.645126342773438
}