{
  "target_temperature_2m_max": 16.68086814880371,
  "target_temperature_2m_min": 8.984045028686523,
  "target_temperature_2m_mean": 12.984060287475586,
  "target_will_rain": 0.42658138275146484,
  "target_windspeed_10m_max": 13.588915824890137
}