{
  "target_temperature_2m_max": 23.28142738342285,
  "target_temperature_2m_min": 15.71939754486084,
  "target_temperature_2m_mean": 19.624427795410156,
  "target_will_rain": 0.35562920570373535,
  "target_windspeed_10m_max": 12.483187675476074
}