{
  "target_temperature_2m_max": 17.790149688720703,
  "target_temperature_2m_min": 10.316546440124512,
  "target_temperature_2m_mean": 14.269083023071289,
  "target_will_rain": 0.3018704652786255,
  "target_windspeed_10m_max": 12.734087944030762
}