{
  "target_temperature_2m_max": 23.148496627807617,
  "target_temperature_2m_min": 15.632087707519531,
  "target_temperature_2m_mean": 19.527761459350586,
  "target_will_rain": 0.3464125990867615,
  "target_windspeed_10m_max": 12.330939292907715
}