{
  "target_temperature_2m_max": 21.801769256591797,
  "target_temperature_2m_min": 14.137735366821289,
  "target_temperature_2m_mean": 18.16875457763672,
  "target_will_rain": 0.3656524419784546,
  "target_windspeed_10m_max": 12.519775390625
}