{
  "target_temperature_2m_max": 18.010778427124023,
  "target_temperature_2m_min": 10.200115203857422,
  "target_temperature_2m_mean": 14.294806480407715,
  "target_will_rain": 0.46985888481140137,
  "target_windspeed_10m_max": 13.77822208404541
}