{
  "target_temperature_2m_max": 16.816234588623047,
  "target_temperature_2m_min": 8.794159889221191,
  "target_temperature_2m_mean": 12.978267669677734,
  "target_will_rain": 0.4456799030303955,
  "target_windspeed_10m_max": 14.46061897277832
}