{
  "target_temperature_2m_max": 14.949933052062988,
  "target_temperature_2m_min": 7.214745998382568,
  "target_temperature_2m_mean": 11.193594932556152,
  "target_will_rain": 0.5456439852714539,
  "target_windspeed_10m_max": 14.42709732055664
}