{
  "target_temperature_2m_max": 11.94546127319336,
  "target_temperature_2m_min": 5.188970565795898,
  "target_temperature_2m_mean": 8.608661651611328,
  "target_will_rain": 0.5166794657707214,
  "target_windspeed_10m_max": 13.02388858795166
}