{
  "target_temperature_2m_max": 17.987993240356445,
  "target_temperature_2m_min": 10.875219345092773,
  "target_temperature_2m_mean": 14.694677352905273,
  "target_will_rain": 0.3496111035346985,
  "target_windspeed_10m_max": 11.992825508117676
}