{
  "target_temperature_2m_max": 12.88603687286377,
  "target_temperature_2m_min": 6.833334445953369,
  "target_temperature_2m_mean": 9.897209167480469,
  "target_will_rain": 0.3891716003417969,
  "target_windspeed_10m_max": 10.379345893859863
}