{
  "target_temperature_2m_max": 13.598163604736328,
  "target_temperature_2m_min": 7.842337608337402,
  "target_temperature_2m_mean": 10.760551452636719,
  "target_will_rain": 0.3142450451850891,
  "target_windspeed_10m_max": 9.803736686706543
}