{
  "target_temperature_2m_max": 23.181533813476562,
  "target_temperature_2m_min": 15.603498458862305,
  "target_temperature_2m_mean": 19.515064239501953,
  "target_will_rain": 0.3581887483596802,
  "target_windspeed_10m_max": 12.465876579284668
}