{
  "target_temperature_2m_max": 15.662013053894043,
  "target_temperature_2m_min": 7.700283527374268,
  "target_temperature_2m_mean": 11.787975311279297,
  "target_will_rain": 0.5511055588722229,
  "target_windspeed_10m_max": 14.63817024230957
}