{
  "target_temperature_2m_max": 18.186052322387695,
  "target_temperature_2m_min": 11.149815559387207,
  "target_temperature_2m_mean": 14.874432563781738,
  "target_will_rain": 0.409477174282074,
  "target_windspeed_10m_max": 11.209662437438965
}