{
  "target_temperature_2m_max": 20.43329620361328,
  "target_temperature_2m_min": 12.751228332519531,
  "target_temperature_2m_mean": 16.82361602783203,
  "target_will_rain": 0.4128892421722412,
  "target_windspeed_10m_max": 12.877836227416992
}