{
  "target_temperature_2m_max": 15.51746654510498,
  "target_temperature_2m_min": 7.709217548370361,
  "target_temperature_2m_mean": 11.722986221313477,
  "target_will_rain": 0.5803438425064087,
  "target_windspeed_10m_max": 14.359622955322266
}