{
  "target_temperature_2m_max": 23.34521484375,
  "target_temperature_2m_min": 15.755573272705078,
  "target_temperature_2m_mean": 19.684402465820312,
  "target_will_rain": 0.347920298576355,
  "target_windspeed_10m_max": 12.467596054077148
}