{
  "target_temperature_2m_max": 14.640308380126953,
  "target_temperature_2m_min": 8.383564949035645,
  "target_temperature_2m_mean": 11.58909797668457,
  "target_will_rain": 0.3075018525123596,
  "target_windspeed_10m_max": 10.762724876403809
}