{
  "target_temperature_2m_max": 20.316434860229492,
  "target_temperature_2m_min": 12.44643783569336,
  "target_temperature_2m_mean": 16.66674041748047,
  "target_will_rain": 0.42322665452957153,
  "target_windspeed_10m_max": 13.206624031066895
}