{
  "target_temperature_2m_max": 7.541781425476074,
  "target_temperature_2m_min": 3.3566012382507324,
  "target_temperature_2m_mean": 5.418424129486084,
  "target_will_rain": 0.2845498323440552,
  "target_windspeed_10m_max": 7.961533069610596
}