{
  "target_temperature_2m_max": 11.13255500793457,
  "target_temperature_2m_min": 6.018445014953613,
  "target_temperature_2m_mean": 8.60948657989502,
  "target_will_rain": 0.27383652329444885,
  "target_windspeed_10m_max": 8.513416290283203
}