{
  "target_temperature_2m_max": 6.722750186920166,
  "target_temperature_2m_min": 2.453573703765869,
  "target_temperature_2m_mean": 4.553122520446777,
  "target_will_rain": 0.3235238194465637,
  "target_windspeed_10m_max": 8.515174865722656
}