{
  "target_temperature_2m_max": 20.03045082092285,
  "target_temperature_2m_min": 12.982112884521484,
  "target_temperature_2m_mean": 16.707447052001953,
  "target_will_rain": 0.3048533797264099,
  "target_windspeed_10m_max": 11.327203750610352
}