{
  "target_temperature_2m_max": 13.82613754272461,
  "target_temperature_2m_min": 6.40566349029541,
  "target_temperature_2m_mean": 10.103652954101562,
  "target_will_rain": 0.640400767326355,
  "target_windspeed_10m_max": 14.276148796081543
}