{
  "target_temperature_2m_max": 18.299163818359375,
  "target_temperature_2m_min": 10.614076614379883,
  "target_temperature_2m_mean": 14.641423225402832,
  "target_will_rain": 0.509364664554596,
  "target_windspeed_10m_max": 13.398125648498535
}