{
  "target_temperature_2m_max": 21.519498825073242,
  "target_temperature_2m_min": 14.236359596252441,
  "target_temperature_2m_mean": 18.05795669555664,
  "target_will_rain": 0.306221604347229,
  "target_windspeed_10m_max": 12.005824089050293
}