{
  "target_temperature_2m_max": 21.317550659179688,
  "target_temperature_2m_min": 13.527748107910156,
  "target_temperature_2m_mean": 17.706790924072266,
  "target_will_rain": 0.30125921964645386,
  "target_windspeed_10m_max": 12.645191192626953
}