{
  "target_temperature_2m_max": 12.857908248901367,
  "target_temperature_2m_min": 6.056726932525635,
  "target_temperature_2m_mean": 9.608932495117188,
  "target_will_rain": 0.363669753074646,
  "target_windspeed_10m_max": 12.759299278259277
}