{
  "target_temperature_2m_max": 6.637136936187744,
  "target_temperature_2m_min": 2.7243728637695312,
  "target_temperature_2m_mean": 4.632985591888428,
  "target_will_rain": 0.2692020535469055,
  "target_windspeed_10m_max": 7.783133029937744
}