{
  "target_temperature_2m_max": 21.00525665283203,
  "target_temperature_2m_min": 13.272310256958008,
  "target_temperature_2m_mean": 17.374675750732422,
  "target_will_rain": 0.37715673446655273,
  "target_windspeed_10m_max": 12.637243270874023
}