{
  "target_temperature_2m_max": 15.386150360107422,
  "target_temperature_2m_min": 9.091100692749023,
  "target_temperature_2m_mean": 12.363978385925293,
  "target_will_rain": 0.27866971492767334,
  "target_windspeed_10m_max": 10.270406723022461
}