{
  "target_temperature_2m_max": 20.530189514160156,
  "target_temperature_2m_min": 9.238614082336426,
  "target_temperature_2m_mean": 14.984209060668945,
  "target_will_rain": 0.549420952796936,
  "target_windspeed_10m_max": 7.648862361907959
}