{
  "target_temperature_2m_max": 20.00983428955078,
  "target_temperature_2m_min": 8.547024726867676,
  "target_temperature_2m_mean": 14.400714874267578,
  "target_will_rain": 0.5790759921073914,
  "target_windspeed_10m_max": 7.754316329956055
}