{
  "target_temperature_2m_max": 15.709696769714355,
  "target_temperature_2m_min": 5.0950469970703125,
  "target_temperature_2m_mean": 10.5045166015625,
  "target_will_rain": 0.5014038681983948,
  "target_windspeed_10m_max": 7.171831130981445
}