{
  "target_temperature_2m_max": 18.47266387939453,
  "target_temperature_2m_min": 7.307048797607422,
  "target_temperature_2m_mean": 12.968944549560547,
  "target_will_rain": 0.551665186882019,
  "target_windspeed_10m_max": 7.544801235198975
}