{
  "target_temperature_2m_max": 19.889657974243164,
  "target_temperature_2m_min": 8.450180053710938,
  "target_temperature_2m_mean": 14.280458450317383,
  "target_will_rain": 0.598773181438446,
  "target_windspeed_10m_max": 7.815908432006836
}