{
  "target_temperature_2m_max": 16.9017391204834,
  "target_temperature_2m_min": 5.880184173583984,
  "target_temperature_2m_mean": 11.436347961425781,
  "target_will_rain": 0.49258318543434143,
  "target_windspeed_10m_max": 7.302567005157471
}