{
  "target_temperature_2m_max": 19.253013610839844,
  "target_temperature_2m_min": 7.866279125213623,
  "target_temperature_2m_mean": 13.646530151367188,
  "target_will_rain": 0.554524302482605,
  "target_windspeed_10m_max": 7.663622856140137
}