{
  "target_temperature_2m_max": 15.460692405700684,
  "target_temperature_2m_min": 4.800719738006592,
  "target_temperature_2m_mean": 10.292352676391602,
  "target_will_rain": 0.555307149887085,
  "target_windspeed_10m_max": 7.394560813903809
}