{
  "target_temperature_2m_max": 17.17041015625,
  "target_temperature_2m_min": 6.374547481536865,
  "target_temperature_2m_mean": 11.921602249145508,
  "target_will_rain": 0.6100346446037292,
  "target_windspeed_10m_max": 7.459031581878662
}