{
  "target_temperature_2m_max": 18.06658172607422,
  "target_temperature_2m_min": 6.829864025115967,
  "target_temperature_2m_mean": 12.514410018920898,
  "target_will_rain": 0.5479700565338135,
  "target_windspeed_10m_max": 7.455681324005127
}