{
  "target_temperature_2m_max": 7.925350189208984,
  "target_temperature_2m_min": 0.7671256065368652,
  "target_temperature_2m_mean": 4.761325836181641,
  "target_will_rain": 0.55231773853302,
  "target_windspeed_10m_max": 5.56995964050293
}