{
  "target_temperature_2m_max": 20.24526596069336,
  "target_temperature_2m_min": 9.003437995910645,
  "target_temperature_2m_mean": 14.727473258972168,
  "target_will_rain": 0.6085402965545654,
  "target_windspeed_10m_max": 7.634872913360596
}