{
  "target_temperature_2m_max": 19.840316772460938,
  "target_temperature_2m_min": 8.59919261932373,
  "target_temperature_2m_mean": 14.324553489685059,
  "target_will_rain": 0.49788057804107666,
  "target_windspeed_10m_max": 7.621387958526611
}