{
  "target_temperature_2m_max": 25.172176361083984,
  "target_temperature_2m_min": 15.479434967041016,
  "target_temperature_2m_mean": 20.501148223876953,
  "target_will_rain": 0.376178503036499,
  "target_windspeed_10m_max": 6.425797939300537
}