{
  "target_temperature_2m_max": 18.292688369750977,
  "target_temperature_2m_min": 7.040578365325928,
  "target_temperature_2m_mean": 12.7294921875,
  "target_will_rain": 0.5382535457611084,
  "target_windspeed_10m_max": 7.494641304016113
}