{
  "target_temperature_2m_max": 23.630720138549805,
  "target_temperature_2m_min": 13.164153099060059,
  "target_temperature_2m_mean": 18.54242706298828,
  "target_will_rain": 0.5530530214309692,
  "target_windspeed_10m_max": 7.072666168212891
}