{
  "target_temperature_2m_max": 21.57903480529785,
  "target_temperature_2m_min": 10.690776824951172,
  "target_temperature_2m_mean": 16.307605743408203,
  "target_will_rain": 0.4442269206047058,
  "target_windspeed_10m_max": 7.269944190979004
}