{
  "target_temperature_2m_max": 24.045547485351562,
  "target_temperature_2m_min": 14.054407119750977,
  "target_temperature_2m_mean": 19.25379180908203,
  "target_will_rain": 0.4574922025203705,
  "target_windspeed_10m_max": 6.479968547821045
}