{
  "target_temperature_2m_max": 21.134532928466797,
  "target_temperature_2m_min": 9.836954116821289,
  "target_temperature_2m_mean": 15.636194229125977,
  "target_will_rain": 0.6843206882476807,
  "target_windspeed_10m_max": 7.713622570037842
}