{
  "target_temperature_2m_max": 24.699806213378906,
  "target_temperature_2m_min": 14.880960464477539,
  "target_temperature_2m_mean": 19.959686279296875,
  "target_will_rain": 0.4101312458515167,
  "target_windspeed_10m_max": 6.524445533752441
}