{
  "target_temperature_2m_max": 18.351573944091797,
  "target_temperature_2m_min": 7.255366802215576,
  "target_temperature_2m_mean": 12.947515487670898,
  "target_will_rain": 0.6243876218795776,
  "target_windspeed_10m_max": 7.6110968589782715
}