{
  "target_temperature_2m_max": 19.112197875976562,
  "target_temperature_2m_min": 7.967471122741699,
  "target_temperature_2m_mean": 13.672765731811523,
  "target_will_rain": 0.6128805875778198,
  "target_windspeed_10m_max": 7.563338279724121
}