{
  "target_temperature_2m_max": 24.372787475585938,
  "target_temperature_2m_min": 14.311912536621094,
  "target_temperature_2m_mean": 19.569868087768555,
  "target_will_rain": 0.45987603068351746,
  "target_windspeed_10m_max": 6.662672996520996
}