{
  "target_temperature_2m_max": 20.70510482788086,
  "target_temperature_2m_min": 9.440945625305176,
  "target_temperature_2m_mean": 15.190530776977539,
  "target_will_rain": 0.5407068729400635,
  "target_windspeed_10m_max": 7.648125648498535
}