{
  "target_temperature_2m_max": 15.896503448486328,
  "target_temperature_2m_min": 5.25781774520874,
  "target_temperature_2m_mean": 10.65066909790039,
  "target_will_rain": 0.5314837694168091,
  "target_windspeed_10m_max": 7.075355052947998
}