{
  "target_temperature_2m_max": 18.055606842041016,
  "target_temperature_2m_min": 6.921605110168457,
  "target_temperature_2m_mean": 12.604195594787598,
  "target_will_rain": 0.6026215553283691,
  "target_windspeed_10m_max": 7.619940280914307
}