{
  "target_temperature_2m_max": 16.563695907592773,
  "target_temperature_2m_min": 5.622567653656006,
  "target_temperature_2m_mean": 11.26278305053711,
  "target_will_rain": 0.5706503391265869,
  "target_windspeed_10m_max": 7.494197368621826
}