{
  "target_temperature_2m_max": 20.264625549316406,
  "target_temperature_2m_min": 8.85842514038086,
  "target_temperature_2m_mean": 14.667705535888672,
  "target_will_rain": 0.6040827035903931,
  "target_windspeed_10m_max": 7.723971843719482
}