{
  "target_temperature_2m_max": 24.695154190063477,
  "target_temperature_2m_min": 14.966007232666016,
  "target_temperature_2m_mean": 20.007923126220703,
  "target_will_rain": 0.40053480863571167,
  "target_windspeed_10m_max": 6.394529342651367
}