{
  "target_temperature_2m_max": 18.26253890991211,
  "target_temperature_2m_min": 7.135461807250977,
  "target_temperature_2m_mean": 12.83312702178955,
  "target_will_rain": 0.5953682661056519,
  "target_windspeed_10m_max": 7.512006759643555
}