{
  "target_temperature_2m_max": 16.942861557006836,
  "target_temperature_2m_min": 5.884522914886475,
  "target_temperature_2m_mean": 11.505838394165039,
  "target_will_rain": 0.5388387441635132,
  "target_windspeed_10m_max": 7.368089199066162
}