{
  "target_temperature_2m_max": 13.475658416748047,
  "target_temperature_2m_min": 3.445246934890747,
  "target_temperature_2m_mean": 8.552265167236328,
  "target_will_rain": 0.4779968857765198,
  "target_windspeed_10m_max": 6.71251106262207
}