{
  "target_temperature_2m_max": 22.184261322021484,
  "target_temperature_2m_min": 11.289510726928711,
  "target_temperature_2m_mean": 16.863704681396484,
  "target_will_rain": 0.5946847200393677,
  "target_windspeed_10m_max": 7.296580791473389
}