{
  "target_temperature_2m_max": 14.915990829467773,
  "target_temperature_2m_min": 4.640201568603516,
  "target_temperature_2m_mean": 9.95425033569336,
  "target_will_rain": 0.5363611578941345,
  "target_windspeed_10m_max": 7.086426734924316
}