{
  "target_temperature_2m_max": 18.34809112548828,
  "target_temperature_2m_min": 7.311628818511963,
  "target_temperature_2m_mean": 12.954166412353516,
  "target_will_rain": 0.6464824676513672,
  "target_windspeed_10m_max": 7.5766682624816895
}