{
  "target_temperature_2m_max": 9.855480194091797,
  "target_temperature_2m_min": 1.9484925270080566,
  "target_temperature_2m_mean": 6.280542850494385,
  "target_will_rain": 0.5769459009170532,
  "target_windspeed_10m_max": 5.693470478057861
}