{
  "target_temperature_2m_max": 22.572481155395508,
  "target_temperature_2m_min": 11.590780258178711,
  "target_temperature_2m_mean": 17.23405647277832,
  "target_will_rain": 0.5942172408103943,
  "target_windspeed_10m_max": 7.452082633972168
}