{
  "target_temperature_2m_max": 17.765132904052734,
  "target_temperature_2m_min": 6.715724945068359,
  "target_temperature_2m_mean": 12.290985107421875,
  "target_will_rain": 0.5467420816421509,
  "target_windspeed_10m_max": 7.335061073303223
}