{
  "target_temperature_2m_max": 23.3900203704834,
  "target_temperature_2m_min": 12.857365608215332,
  "target_temperature_2m_mean": 18.284412384033203,
  "target_will_rain": 0.45748186111450195,
  "target_windspeed_10m_max": 7.0009965896606445
}