{
  "target_temperature_2m_max": 15.672650337219238,
  "target_temperature_2m_min": 5.50501823425293,
  "target_temperature_2m_mean": 10.701602935791016,
  "target_will_rain": 0.5638083219528198,
  "target_windspeed_10m_max": 6.961988925933838
}