{
  "target_temperature_2m_max": 19.53753089904785,
  "target_temperature_2m_min": 8.276601791381836,
  "target_temperature_2m_mean": 13.994495391845703,
  "target_will_rain": 0.5654770135879517,
  "target_windspeed_10m_max": 7.63339376449585
}