{
  "target_temperature_2m_max": 21.922698974609375,
  "target_temperature_2m_min": 10.926809310913086,
  "target_temperature_2m_mean": 16.620853424072266,
  "target_will_rain": 0.5917419195175171,
  "target_windspeed_10m_max": 7.391841411590576
}