{
  "target_temperature_2m_max": 16.060373306274414,
  "target_temperature_2m_min": 5.466020107269287,
  "target_temperature_2m_mean": 10.869061470031738,
  "target_will_rain": 0.5710995197296143,
  "target_windspeed_10m_max": 7.175687789916992
}