{
  "target_temperature_2m_max": 20.736995697021484,
  "target_temperature_2m_min": 9.581620216369629,
  "target_temperature_2m_mean": 15.24349594116211,
  "target_will_rain": 0.6071950197219849,
  "target_windspeed_10m_max": 7.383149147033691
}