{
  "target_temperature_2m_max": 21.55107307434082,
  "target_temperature_2m_min": 10.396793365478516,
  "target_temperature_2m_mean": 16.0716552734375,
  "target_will_rain": 0.6114253997802734,
  "target_windspeed_10m_max": 7.4867119789123535
}