{
  "target_temperature_2m_max": 20.386503219604492,
  "target_temperature_2m_min": 8.972375869750977,
  "target_temperature_2m_mean": 14.787960052490234,
  "target_will_rain": 0.5716543197631836,
  "target_windspeed_10m_max": 7.811233043670654
}