{
  "target_temperature_2m_max": 16.936845779418945,
  "target_temperature_2m_min": 5.904049396514893,
  "target_temperature_2m_mean": 11.505117416381836,
  "target_will_rain": 0.5263050198554993,
  "target_windspeed_10m_max": 7.335169315338135
}