{
  "target_temperature_2m_max": 17.826478958129883,
  "target_temperature_2m_min": 6.783515453338623,
  "target_temperature_2m_mean": 12.392175674438477,
  "target_will_rain": 0.5685012340545654,
  "target_windspeed_10m_max": 7.546054363250732
}