{
  "target_temperature_2m_max": 19.554668426513672,
  "target_temperature_2m_min": 8.253626823425293,
  "target_temperature_2m_mean": 13.996822357177734,
  "target_will_rain": 0.583591639995575,
  "target_windspeed_10m_max": 7.656774520874023
}