{
  "target_temperature_2m_max": 25.214771270751953,
  "target_temperature_2m_min": 15.536969184875488,
  "target_temperature_2m_mean": 20.55044174194336,
  "target_will_rain": 0.37968969345092773,
  "target_windspeed_10m_max": 6.420912265777588
}