{
  "target_temperature_2m_max": 19.66501235961914,
  "target_temperature_2m_min": 8.365713119506836,
  "target_temperature_2m_mean": 14.169149398803711,
  "target_will_rain": 0.615824282169342,
  "target_windspeed_10m_max": 7.73585319519043
}