{
  "target_temperature_2m_max": 17.13603973388672,
  "target_temperature_2m_min": 6.17794942855835,
  "target_temperature_2m_mean": 11.678802490234375,
  "target_will_rain": 0.48946136236190796,
  "target_windspeed_10m_max": 7.214345932006836
}