{
  "target_temperature_2m_max": 24.83478355407715,
  "target_temperature_2m_min": 15.124307632446289,
  "target_temperature_2m_mean": 20.154823303222656,
  "target_will_rain": 0.39145275950431824,
  "target_windspeed_10m_max": 6.40274715423584
}