{
  "target_temperature_2m_max": 18.426700592041016,
  "target_temperature_2m_min": 7.135888576507568,
  "target_temperature_2m_mean": 12.898591995239258,
  "target_will_rain": 0.5836023688316345,
  "target_windspeed_10m_max": 7.597173690795898
}