{
  "target_temperature_2m_max": 14.766883850097656,
  "target_temperature_2m_min": 4.684618949890137,
  "target_temperature_2m_mean": 9.779322624206543,
  "target_will_rain": 0.4740602672100067,
  "target_windspeed_10m_max": 6.7706298828125
}