{
  "target_temperature_2m_max": 16.52475357055664,
  "target_temperature_2m_min": 7.93441915512085,
  "target_temperature_2m_mean": 12.16965389251709,
  "target_will_rain": 0.5743305683135986,
  "target_windspeed_10m_max": 13.130735397338867
}