{
  "target_temperature_2m_max": 14.830238342285156,
  "target_temperature_2m_min": 6.643878936767578,
  "target_temperature_2m_mean": 10.666058540344238,
  "target_will_rain": 0.716399610042572,
  "target_windspeed_10m_max": 12.940125465393066
}