{
  "target_temperature_2m_max": 8.707289695739746,
  "target_temperature_2m_min": 2.100245475769043,
  "target_temperature_2m_mean": 5.524548053741455,
  "target_will_rain": 0.6179223656654358,
  "target_windspeed_10m_max": 10.81445598602295
}