{
  "target_temperature_2m_max": 12.944125175476074,
  "target_temperature_2m_min": 7.322723865509033,
  "target_temperature_2m_mean": 9.900188446044922,
  "target_will_rain": 0.3331035077571869,
  "target_windspeed_10m_max": 8.579718589782715
}