{
  "target_temperature_2m_max": 18.981843948364258,
  "target_temperature_2m_min": 9.917037963867188,
  "target_temperature_2m_mean": 14.444904327392578,
  "target_will_rain": 0.5048638582229614,
  "target_windspeed_10m_max": 13.598920822143555
}