{
  "target_temperature_2m_max": 18.18328857421875,
  "target_temperature_2m_min": 9.198129653930664,
  "target_temperature_2m_mean": 13.621403694152832,
  "target_will_rain": 0.5168209671974182,
  "target_windspeed_10m_max": 13.554226875305176
}