{
  "target_temperature_2m_max": 14.657896041870117,
  "target_temperature_2m_min": 6.8851165771484375,
  "target_temperature_2m_mean": 10.659704208374023,
  "target_will_rain": 0.642309844493866,
  "target_windspeed_10m_max": 12.31431770324707
}