{
  "target_temperature_2m_max": 11.528325080871582,
  "target_temperature_2m_min": 4.610525608062744,
  "target_temperature_2m_mean": 7.976428508758545,
  "target_will_rain": 0.4771491587162018,
  "target_windspeed_10m_max": 10.713203430175781
}