{
  "target_temperature_2m_max": 21.417526245117188,
  "target_temperature_2m_min": 12.659242630004883,
  "target_temperature_2m_mean": 17.188257217407227,
  "target_will_rain": 0.543695867061615,
  "target_windspeed_10m_max": 13.033036231994629
}