{
  "target_temperature_2m_max": 1.0462137460708618,
  "target_temperature_2m_min": -1.6391115188598633,
  "target_temperature_2m_mean": -0.1078544482588768,
  "target_will_rain": 0.20611423254013062,
  "target_windspeed_10m_max": 4.111529350280762
}