{
  "target_temperature_2m_max": 20.723493576049805,
  "target_temperature_2m_min": 12.139925003051758,
  "target_temperature_2m_mean": 16.523223876953125,
  "target_will_rain": 0.5352150201797485,
  "target_windspeed_10m_max": 12.855786323547363
}