{
  "target_temperature_2m_max": 16.861295700073242,
  "target_temperature_2m_min": 7.885098457336426,
  "target_temperature_2m_mean": 12.270666122436523,
  "target_will_rain": 0.649802029132843,
  "target_windspeed_10m_max": 13.854111671447754
}