{
  "target_temperature_2m_max": 3.6667611598968506,
  "target_temperature_2m_min": 0.08272010833024979,
  "target_temperature_2m_mean": 1.8712923526763916,
  "target_will_rain": 0.12225759029388428,
  "target_windspeed_10m_max": 4.870909690856934
}