{
  "target_temperature_2m_max": 14.362414360046387,
  "target_temperature_2m_min": 8.230481147766113,
  "target_temperature_2m_mean": 11.1546049118042,
  "target_will_rain": 0.3356761634349823,
  "target_windspeed_10m_max": 9.271053314208984
}