{
  "target_temperature_2m_max": 13.247556686401367,
  "target_temperature_2m_min": 5.117537021636963,
  "target_temperature_2m_mean": 9.154669761657715,
  "target_will_rain": 0.6331179738044739,
  "target_windspeed_10m_max": 13.252578735351562
}