{
  "target_temperature_2m_max": 13.855334281921387,
  "target_temperature_2m_min": 6.980119228363037,
  "target_temperature_2m_mean": 10.262458801269531,
  "target_will_rain": 0.3853001296520233,
  "target_windspeed_10m_max": 10.288741111755371
}