{
  "target_temperature_2m_max": 9.19904899597168,
  "target_temperature_2m_min": 4.302288055419922,
  "target_temperature_2m_mean": 6.615811347961426,
  "target_will_rain": 0.22447580099105835,
  "target_windspeed_10m_max": 7.103777885437012
}