{
  "target_temperature_2m_max": 20.545772552490234,
  "target_temperature_2m_min": 12.314318656921387,
  "target_temperature_2m_mean": 16.485708236694336,
  "target_will_rain": 0.43968161940574646,
  "target_windspeed_10m_max": 12.302132606506348
}