{
  "target_temperature_2m_max": 12.328948974609375,
  "target_temperature_2m_min": 5.65036678314209,
  "target_temperature_2m_mean": 8.932841300964355,
  "target_will_rain": 0.4422924816608429,
  "target_windspeed_10m_max": 10.23653507232666
}