{
  "target_temperature_2m_max": 22.824068069458008,
  "target_temperature_2m_min": 14.472943305969238,
  "target_temperature_2m_mean": 18.931962966918945,
  "target_will_rain": 0.41802194714546204,
  "target_windspeed_10m_max": 12.33969497680664
}