{
  "target_temperature_2m_max": 3.770885467529297,
  "target_temperature_2m_min": 1.2796330451965332,
  "target_temperature_2m_mean": 2.4041640758514404,
  "target_will_rain": 0.18270932137966156,
  "target_windspeed_10m_max": 3.6879143714904785
}