{
  "target_temperature_2m_max": 16.098970413208008,
  "target_temperature_2m_min": 7.0726189613342285,
  "target_temperature_2m_mean": 11.441324234008789,
  "target_will_rain": 0.5124130249023438,
  "target_windspeed_10m_max": 13.939420700073242
}