{
  "target_temperature_2m_max": 19.68318748474121,
  "target_temperature_2m_min": 10.506052017211914,
  "target_temperature_2m_mean": 15.025408744812012,
  "target_will_rain": 0.5721597075462341,
  "target_windspeed_10m_max": 13.839691162109375
}