{
  "target_temperature_2m_max": 22.876344680786133,
  "target_temperature_2m_min": 14.507882118225098,
  "target_temperature_2m_mean": 18.96766471862793,
  "target_will_rain": 0.4218965470790863,
  "target_windspeed_10m_max": 12.374527931213379
}