{
  "target_temperature_2m_max": 7.0681867599487305,
  "target_temperature_2m_min": 1.7061847448349,
  "target_temperature_2m_mean": 4.515676975250244,
  "target_will_rain": 0.49116969108581543,
  "target_windspeed_10m_max": 8.729888916015625
}