{
  "target_temperature_2m_max": 19.882925033569336,
  "target_temperature_2m_min": 10.918051719665527,
  "target_temperature_2m_mean": 15.351359367370605,
  "target_will_rain": 0.5923557877540588,
  "target_windspeed_10m_max": 13.610852241516113
}