{
  "target_temperature_2m_max": 21.7674617767334,
  "target_temperature_2m_min": 13.883155822753906,
  "target_temperature_2m_mean": 18.065670013427734,
  "target_will_rain": 0.38641679286956787,
  "target_windspeed_10m_max": 11.597853660583496
}