{
  "target_temperature_2m_max": 19.973690032958984,
  "target_temperature_2m_min": 10.725462913513184,
  "target_temperature_2m_mean": 15.280457496643066,
  "target_will_rain": 0.6233046650886536,
  "target_windspeed_10m_max": 14.07157039642334
}