{
  "target_temperature_2m_max": 17.5712833404541,
  "target_temperature_2m_min": 9.982933044433594,
  "target_temperature_2m_mean": 13.80075454711914,
  "target_will_rain": 0.3371233642101288,
  "target_windspeed_10m_max": 11.04883098602295
}