{
  "target_temperature_2m_max": 13.46912670135498,
  "target_temperature_2m_min": 5.281179428100586,
  "target_temperature_2m_mean": 9.280885696411133,
  "target_will_rain": 0.6867039203643799,
  "target_windspeed_10m_max": 13.085224151611328
}