{
  "target_temperature_2m_max": 21.912094116210938,
  "target_temperature_2m_min": 13.861882209777832,
  "target_temperature_2m_mean": 18.113235473632812,
  "target_will_rain": 0.3823135793209076,
  "target_windspeed_10m_max": 11.840332984924316
}