{
  "target_temperature_2m_max": 14.067736625671387,
  "target_temperature_2m_min": 5.62591028213501,
  "target_temperature_2m_mean": 9.78411865234375,
  "target_will_rain": 0.7584258317947388,
  "target_windspeed_10m_max": 13.674328804016113
}