{
  "target_temperature_2m_max": 17.624073028564453,
  "target_temperature_2m_min": 9.034032821655273,
  "target_temperature_2m_mean": 13.2984037399292,
  "target_will_rain": 0.5650414228439331,
  "target_windspeed_10m_max": 13.149445533752441
}