{
  "target_temperature_2m_max": 11.006733894348145,
  "target_temperature_2m_min": 3.491591215133667,
  "target_temperature_2m_mean": 7.295199394226074,
  "target_will_rain": 0.6420322060585022,
  "target_windspeed_10m_max": 12.203248977661133
}