{
  "target_temperature_2m_max": 20.453855514526367,
  "target_temperature_2m_min": 12.52110481262207,
  "target_temperature_2m_mean": 16.58551597595215,
  "target_will_rain": 0.4092229902744293,
  "target_windspeed_10m_max": 11.815637588500977
}