{
  "target_temperature_2m_max": 16.056564331054688,
  "target_temperature_2m_min": 9.303836822509766,
  "target_temperature_2m_mean": 12.528202056884766,
  "target_will_rain": 0.34159156680107117,
  "target_windspeed_10m_max": 10.183328628540039
}