{
  "target_temperature_2m_max": 19.939321517944336,
  "target_temperature_2m_min": 12.184514999389648,
  "target_temperature_2m_mean": 16.1727237701416,
  "target_will_rain": 0.3375500738620758,
  "target_windspeed_10m_max": 11.342130661010742
}