{
  "target_temperature_2m_max": 9.559233665466309,
  "target_temperature_2m_min": 3.620712995529175,
  "target_temperature_2m_mean": 6.552263259887695,
  "target_will_rain": 0.2982333302497864,
  "target_windspeed_10m_max": 8.894116401672363
}