{
  "target_temperature_2m_max": 22.790647506713867,
  "target_temperature_2m_min": 14.435379981994629,
  "target_temperature_2m_mean": 18.87388038635254,
  "target_will_rain": 0.4151162803173065,
  "target_windspeed_10m_max": 12.350518226623535
}