{
  "target_temperature_2m_max": 20.75343894958496,
  "target_temperature_2m_min": 12.239063262939453,
  "target_temperature_2m_mean": 16.61502456665039,
  "target_will_rain": 0.5155906677246094,
  "target_windspeed_10m_max": 12.696761131286621
}