{
  "target_temperature_2m_max": 20.61176300048828,
  "target_temperature_2m_min": 12.608491897583008,
  "target_temperature_2m_mean": 16.723873138427734,
  "target_will_rain": 0.4072105288505554,
  "target_windspeed_10m_max": 11.82757568359375
}