{
  "target_temperature_2m_max": 19.596818923950195,
  "target_temperature_2m_min": 10.340746879577637,
  "target_temperature_2m_mean": 14.915030479431152,
  "target_will_rain": 0.5716327428817749,
  "target_windspeed_10m_max": 13.948821067810059
}