{
  "target_temperature_2m_max": 13.54206371307373,
  "target_temperature_2m_min": 5.860279560089111,
  "target_temperature_2m_mean": 9.63581657409668,
  "target_will_rain": 0.5630491375923157,
  "target_windspeed_10m_max": 11.900501251220703
}