{
  "target_temperature_2m_max": 6.199893474578857,
  "target_temperature_2m_min": 1.2422744035720825,
  "target_temperature_2m_mean": 3.864544630050659,
  "target_will_rain": 0.3663625419139862,
  "target_windspeed_10m_max": 7.527312278747559
}