{
  "target_temperature_2m_max": 20.47579002380371,
  "target_temperature_2m_min": 11.295842170715332,
  "target_temperature_2m_mean": 15.899190902709961,
  "target_will_rain": 0.6320199370384216,
  "target_windspeed_10m_max": 13.940572738647461
}