{
  "target_temperature_2m_max": 14.12009334564209,
  "target_temperature_2m_min": 5.508147716522217,
  "target_temperature_2m_mean": 9.729748725891113,
  "target_will_rain": 0.6775025725364685,
  "target_windspeed_10m_max": 13.738984107971191
}