{
  "target_temperature_2m_max": 14.013025283813477,
  "target_temperature_2m_min": 7.870672702789307,
  "target_temperature_2m_mean": 10.756101608276367,
  "target_will_rain": 0.2937032878398895,
  "target_windspeed_10m_max": 9.175187110900879
}