{
  "target_temperature_2m_max": 21.535261154174805,
  "target_temperature_2m_min": 12.83056926727295,
  "target_temperature_2m_mean": 17.257360458374023,
  "target_will_rain": 0.5011471509933472,
  "target_windspeed_10m_max": 12.9492826461792
}