{
  "target_temperature_2m_max": 21.0297908782959,
  "target_temperature_2m_min": 12.566848754882812,
  "target_temperature_2m_mean": 16.867401123046875,
  "target_will_rain": 0.4613334834575653,
  "target_windspeed_10m_max": 12.592315673828125
}