{
  "target_temperature_2m_max": 7.316854000091553,
  "target_temperature_2m_min": 2.257157564163208,
  "target_temperature_2m_mean": 4.943999290466309,
  "target_will_rain": 0.4872082471847534,
  "target_windspeed_10m_max": 8.09870719909668
}