{
  "target_temperature_2m_max": 2.747962713241577,
  "target_temperature_2m_min": -0.8347813487052917,
  "target_temperature_2m_mean": 1.1737444400787354,
  "target_will_rain": 0.20610325038433075,
  "target_windspeed_10m_max": 5.459616661071777
}