{
  "target_temperature_2m_max": 14.415921211242676,
  "target_temperature_2m_min": 5.8311872482299805,
  "target_temperature_2m_mean": 10.042001724243164,
  "target_will_rain": 0.5843690037727356,
  "target_windspeed_10m_max": 13.649253845214844
}