{
  "target_temperature_2m_max": 18.013277053833008,
  "target_temperature_2m_min": 10.874114036560059,
  "target_temperature_2m_mean": 14.380516052246094,
  "target_will_rain": 0.32343751192092896,
  "target_windspeed_10m_max": 10.649497032165527
}