{
  "target_temperature_2m_max": 16.85556983947754,
  "target_temperature_2m_min": 10.256612777709961,
  "target_temperature_2m_mean": 13.445964813232422,
  "target_will_rain": 0.307420551776886,
  "target_windspeed_10m_max": 9.952179908752441
}