{
  "target_temperature_2m_max": 15.025308609008789,
  "target_temperature_2m_min": 6.856671333312988,
  "target_temperature_2m_mean": 10.864513397216797,
  "target_will_rain": 0.7068005204200745,
  "target_windspeed_10m_max": 12.981346130371094
}