{
  "target_temperature_2m_max": 14.504433631896973,
  "target_temperature_2m_min": 6.205178260803223,
  "target_temperature_2m_mean": 10.274055480957031,
  "target_will_rain": 0.7488659024238586,
  "target_windspeed_10m_max": 13.328128814697266
}