{
  "target_temperature_2m_max": 3.2904295921325684,
  "target_temperature_2m_min": -0.36671164631843567,
  "target_temperature_2m_mean": 1.641098976135254,
  "target_will_rain": 0.24114534258842468,
  "target_windspeed_10m_max": 5.42183780670166
}