{
  "target_temperature_2m_max": 6.039944648742676,
  "target_temperature_2m_min": 1.2148537635803223,
  "target_temperature_2m_mean": 3.7246851921081543,
  "target_will_rain": 0.46678563952445984,
  "target_windspeed_10m_max": 7.8462934494018555
}