{
  "target_temperature_2m_max": 16.663877487182617,
  "target_temperature_2m_min": 7.542642116546631,
  "target_temperature_2m_mean": 11.957286834716797,
  "target_will_rain": 0.5025535821914673,
  "target_windspeed_10m_max": 13.882908821105957
}