{
  "target_temperature_2m_max": 21.567432403564453,
  "target_temperature_2m_min": 12.901792526245117,
  "target_temperature_2m_mean": 17.353219985961914,
  "target_will_rain": 0.546654462814331,
  "target_windspeed_10m_max": 13.016948699951172
}