{
  "target_temperature_2m_max": 21.882474899291992,
  "target_temperature_2m_min": 13.85440731048584,
  "target_temperature_2m_mean": 18.081872940063477,
  "target_will_rain": 0.3732529282569885,
  "target_windspeed_10m_max": 11.798934936523438
}