{
  "target_temperature_2m_max": 12.839451789855957,
  "target_temperature_2m_min": 4.790064334869385,
  "target_temperature_2m_mean": 8.755751609802246,
  "target_will_rain": 0.632917582988739,
  "target_windspeed_10m_max": 12.767027854919434
}