{
  "target_temperature_2m_max": 19.960416793823242,
  "target_temperature_2m_min": 10.80447006225586,
  "target_temperature_2m_mean": 15.34347152709961,
  "target_will_rain": 0.6082245707511902,
  "target_windspeed_10m_max": 13.876178741455078
}