{
  "target_temperature_2m_max": 15.607681274414062,
  "target_temperature_2m_min": 7.156164169311523,
  "target_temperature_2m_mean": 11.319768905639648,
  "target_will_rain": 0.6143298745155334,
  "target_windspeed_10m_max": 13.064522743225098
}