{
  "target_temperature_2m_max": 25.100217819213867,
  "target_temperature_2m_min": 17.874784469604492,
  "target_temperature_2m_mean": 21.381521224975586,
  "target_will_rain": 0.37591123580932617,
  "target_windspeed_10m_max": 20.5620059967041
}