{
  "target_temperature_2m_max": 24.161733627319336,
  "target_temperature_2m_min": 16.941823959350586,
  "target_temperature_2m_mean": 20.54746437072754,
  "target_will_rain": 0.3975318372249603,
  "target_windspeed_10m_max": 20.414995193481445
}