{
  "target_temperature_2m_max": 22.080007553100586,
  "target_temperature_2m_min": 14.774100303649902,
  "target_temperature_2m_mean": 18.691835403442383,
  "target_will_rain": 0.4871350824832916,
  "target_windspeed_10m_max": 20.532127380371094
}