{
  "target_temperature_2m_max": 23.251052856445312,
  "target_temperature_2m_min": 15.987143516540527,
  "target_temperature_2m_mean": 19.728927612304688,
  "target_will_rain": 0.4274779260158539,
  "target_windspeed_10m_max": 20.43075180053711
}