{
  "target_temperature_2m_max": 24.251646041870117,
  "target_temperature_2m_min": 17.049779891967773,
  "target_temperature_2m_mean": 20.622316360473633,
  "target_will_rain": 0.38411545753479004,
  "target_windspeed_10m_max": 20.397781372070312
}