{
  "target_temperature_2m_max": 21.612197875976562,
  "target_temperature_2m_min": 14.357499122619629,
  "target_temperature_2m_mean": 18.26527976989746,
  "target_will_rain": 0.5037769079208374,
  "target_windspeed_10m_max": 20.396730422973633
}