{
  "target_temperature_2m_max": 20.3454532623291,
  "target_temperature_2m_min": 13.246184349060059,
  "target_temperature_2m_mean": 17.105369567871094,
  "target_will_rain": 0.48938968777656555,
  "target_windspeed_10m_max": 20.14834976196289
}