{
  "target_temperature_2m_max": 20.711376190185547,
  "target_temperature_2m_min": 13.454446792602539,
  "target_temperature_2m_mean": 17.410776138305664,
  "target_will_rain": 0.5271425247192383,
  "target_windspeed_10m_max": 20.66461944580078
}