{
  "target_temperature_2m_max": 18.95631980895996,
  "target_temperature_2m_min": 12.136832237243652,
  "target_temperature_2m_mean": 15.77950668334961,
  "target_will_rain": 0.5010288953781128,
  "target_windspeed_10m_max": 19.432376861572266
}