{
  "target_temperature_2m_max": 23.756860733032227,
  "target_temperature_2m_min": 16.470626831054688,
  "target_temperature_2m_mean": 20.17285919189453,
  "target_will_rain": 0.41706302762031555,
  "target_windspeed_10m_max": 20.4448299407959
}