{
  "target_temperature_2m_max": 21.85255241394043,
  "target_temperature_2m_min": 14.496119499206543,
  "target_temperature_2m_mean": 18.46498680114746,
  "target_will_rain": 0.49357035756111145,
  "target_windspeed_10m_max": 20.749671936035156
}