{
  "target_temperature_2m_max": 25.13631248474121,
  "target_temperature_2m_min": 17.90934944152832,
  "target_temperature_2m_mean": 21.413570404052734,
  "target_will_rain": 0.37558412551879883,
  "target_windspeed_10m_max": 20.568340301513672
}