{
  "target_temperature_2m_max": 19.897804260253906,
  "target_temperature_2m_min": 12.876784324645996,
  "target_temperature_2m_mean": 16.68368911743164,
  "target_will_rain": 0.4843781292438507,
  "target_windspeed_10m_max": 19.816659927368164
}