{
  "target_temperature_2m_max": 19.994056701660156,
  "target_temperature_2m_min": 12.954263687133789,
  "target_temperature_2m_mean": 16.764812469482422,
  "target_will_rain": 0.4930417835712433,
  "target_windspeed_10m_max": 19.977956771850586
}