{
  "target_temperature_2m_max": 25.146142959594727,
  "target_temperature_2m_min": 17.919443130493164,
  "target_temperature_2m_mean": 21.42279624938965,
  "target_will_rain": 0.3754679262638092,
  "target_windspeed_10m_max": 20.570606231689453
}