{
  "target_temperature_2m_max": 21.54922103881836,
  "target_temperature_2m_min": 14.2627534866333,
  "target_temperature_2m_mean": 18.196218490600586,
  "target_will_rain": 0.5009874105453491,
  "target_windspeed_10m_max": 20.505878448486328
}