{
  "target_temperature_2m_max": 17.69124984741211,
  "target_temperature_2m_min": 11.05649185180664,
  "target_temperature_2m_mean": 14.544050216674805,
  "target_will_rain": 0.5166319608688354,
  "target_windspeed_10m_max": 19.163562774658203
}