{
  "target_temperature_2m_max": 16.596696853637695,
  "target_temperature_2m_min": 10.261697769165039,
  "target_temperature_2m_mean": 13.556941032409668,
  "target_will_rain": 0.48739245533943176,
  "target_windspeed_10m_max": 18.104459762573242
}