{
  "target_temperature_2m_max": 18.2037410736084,
  "target_temperature_2m_min": 11.54709243774414,
  "target_temperature_2m_mean": 15.113964080810547,
  "target_will_rain": 0.45898035168647766,
  "target_windspeed_10m_max": 18.964946746826172
}