{
  "target_temperature_2m_max": 19.18586540222168,
  "target_temperature_2m_min": 12.26960277557373,
  "target_temperature_2m_mean": 16.010881423950195,
  "target_will_rain": 0.47792884707450867,
  "target_windspeed_10m_max": 19.627717971801758
}