{
  "target_temperature_2m_max": 23.71560287475586,
  "target_temperature_2m_min": 16.468975067138672,
  "target_temperature_2m_mean": 20.143747329711914,
  "target_will_rain": 0.40645331144332886,
  "target_windspeed_10m_max": 20.394601821899414
}