{
  "target_temperature_2m_max": 23.621530532836914,
  "target_temperature_2m_min": 16.4061279296875,
  "target_temperature_2m_mean": 20.057004928588867,
  "target_will_rain": 0.3955099582672119,
  "target_windspeed_10m_max": 20.309284210205078
}