{
  "target_temperature_2m_max": 16.184770584106445,
  "target_temperature_2m_min": 9.919882774353027,
  "target_temperature_2m_mean": 13.165631294250488,
  "target_will_rain": 0.4769408404827118,
  "target_windspeed_10m_max": 17.90586280822754
}