{
  "target_temperature_2m_max": 20.724199295043945,
  "target_temperature_2m_min": 13.532368659973145,
  "target_temperature_2m_mean": 17.431642532348633,
  "target_will_rain": 0.5125446915626526,
  "target_windspeed_10m_max": 20.32560157775879
}