{
  "target_temperature_2m_max": 25.202342987060547,
  "target_temperature_2m_min": 17.961973190307617,
  "target_temperature_2m_mean": 21.471084594726562,
  "target_will_rain": 0.37689149379730225,
  "target_windspeed_10m_max": 20.61643409729004
}