{
  "target_temperature_2m_max": 25.205141067504883,
  "target_temperature_2m_min": 17.973403930664062,
  "target_temperature_2m_mean": 21.476314544677734,
  "target_will_rain": 0.375531941652298,
  "target_windspeed_10m_max": 20.591873168945312
}