{
  "target_temperature_2m_max": 18.057756423950195,
  "target_temperature_2m_min": 11.362842559814453,
  "target_temperature_2m_mean": 14.921521186828613,
  "target_will_rain": 0.5061006546020508,
  "target_windspeed_10m_max": 19.208417892456055
}