{
  "target_temperature_2m_max": 21.264806747436523,
  "target_temperature_2m_min": 14.024149894714355,
  "target_temperature_2m_mean": 17.93989372253418,
  "target_will_rain": 0.49100711941719055,
  "target_windspeed_10m_max": 20.38400650024414
}