{
  "target_temperature_2m_max": 20.58316993713379,
  "target_temperature_2m_min": 13.428088188171387,
  "target_temperature_2m_mean": 17.318986892700195,
  "target_will_rain": 0.5077236890792847,
  "target_windspeed_10m_max": 20.275283813476562
}