{
  "target_temperature_2m_max": 23.94675636291504,
  "target_temperature_2m_min": 16.707029342651367,
  "target_temperature_2m_mean": 20.33905029296875,
  "target_will_rain": 0.39072057604789734,
  "target_windspeed_10m_max": 20.356334686279297
}