{
  "target_temperature_2m_max": 20.108400344848633,
  "target_temperature_2m_min": 13.017256736755371,
  "target_temperature_2m_mean": 16.852628707885742,
  "target_will_rain": 0.5041351318359375,
  "target_windspeed_10m_max": 20.0606632232666
}