{
  "target_temperature_2m_max": 22.03688621520996,
  "target_temperature_2m_min": 14.712327003479004,
  "target_temperature_2m_mean": 18.6384334564209,
  "target_will_rain": 0.49294915795326233,
  "target_windspeed_10m_max": 20.554506301879883
}