{
  "target_temperature_2m_max": 15.634636878967285,
  "target_temperature_2m_min": 9.542139053344727,
  "target_temperature_2m_mean": 12.715638160705566,
  "target_will_rain": 0.4768635928630829,
  "target_windspeed_10m_max": 17.50785255432129
}