{
  "target_temperature_2m_max": 20.027807235717773,
  "target_temperature_2m_min": 12.985365867614746,
  "target_temperature_2m_mean": 16.80176544189453,
  "target_will_rain": 0.4948890507221222,
  "target_windspeed_10m_max": 19.939769744873047
}