{
  "target_temperature_2m_max": 17.244970321655273,
  "target_temperature_2m_min": 10.820918083190918,
  "target_temperature_2m_mean": 14.248785018920898,
  "target_will_rain": 0.47136834263801575,
  "target_windspeed_10m_max": 18.508769989013672
}