{
  "target_temperature_2m_max": 25.14174461364746,
  "target_temperature_2m_min": 17.928922653198242,
  "target_temperature_2m_mean": 21.419633865356445,
  "target_will_rain": 0.371522456407547,
  "target_windspeed_10m_max": 20.531959533691406
}