{
  "target_temperature_2m_max": 21.423969268798828,
  "target_temperature_2m_min": 14.227593421936035,
  "target_temperature_2m_mean": 18.0917911529541,
  "target_will_rain": 0.47740814089775085,
  "target_windspeed_10m_max": 20.255786895751953
}