{
  "target_temperature_2m_max": 20.56589698791504,
  "target_temperature_2m_min": 13.442139625549316,
  "target_temperature_2m_mean": 17.299795150756836,
  "target_will_rain": 0.5013874769210815,
  "target_windspeed_10m_max": 20.118051528930664
}