{
  "target_temperature_2m_max": 22.636165618896484,
  "target_temperature_2m_min": 15.383442878723145,
  "target_temperature_2m_mean": 19.188493728637695,
  "target_will_rain": 0.44873616099357605,
  "target_windspeed_10m_max": 20.35759735107422
}