{
  "target_temperature_2m_max": 25.069242477416992,
  "target_temperature_2m_min": 17.86177635192871,
  "target_temperature_2m_mean": 21.361011505126953,
  "target_will_rain": 0.37619051337242126,
  "target_windspeed_10m_max": 20.531475067138672
}