{
  "target_temperature_2m_max": 22.300127029418945,
  "target_temperature_2m_min": 14.892782211303711,
  "target_temperature_2m_mean": 18.875076293945312,
  "target_will_rain": 0.49718376994132996,
  "target_windspeed_10m_max": 20.821887969970703
}