{
  "target_temperature_2m_max": 25.090070724487305,
  "target_temperature_2m_min": 17.867979049682617,
  "target_temperature_2m_mean": 21.372085571289062,
  "target_will_rain": 0.3755393326282501,
  "target_windspeed_10m_max": 20.552417755126953
}