{
  "target_temperature_2m_max": 13.137866020202637,
  "target_temperature_2m_min": 7.660257339477539,
  "target_temperature_2m_mean": 10.553605079650879,
  "target_will_rain": 0.4686001241207123,
  "target_windspeed_10m_max": 15.80551528930664
}