{
  "target_temperature_2m_max": 25.15964698791504,
  "target_temperature_2m_min": 17.926782608032227,
  "target_temperature_2m_mean": 21.434329986572266,
  "target_will_rain": 0.37661638855934143,
  "target_windspeed_10m_max": 20.587364196777344
}