{
  "target_temperature_2m_max": 21.199228286743164,
  "target_temperature_2m_min": 13.961068153381348,
  "target_temperature_2m_mean": 17.869556427001953,
  "target_will_rain": 0.4976145327091217,
  "target_windspeed_10m_max": 20.355722427368164
}