{
  "target_temperature_2m_max": 25.128055572509766,
  "target_temperature_2m_min": 17.911439895629883,
  "target_temperature_2m_mean": 21.413576126098633,
  "target_will_rain": 0.376621276140213,
  "target_windspeed_10m_max": 20.558883666992188
}