{
  "target_temperature_2m_max": 21.689271926879883,
  "target_temperature_2m_min": 14.407106399536133,
  "target_temperature_2m_mean": 18.33245277404785,
  "target_will_rain": 0.49500855803489685,
  "target_windspeed_10m_max": 20.503345489501953
}