{
  "target_temperature_2m_max": 22.56910514831543,
  "target_temperature_2m_min": 15.29879093170166,
  "target_temperature_2m_mean": 19.108675003051758,
  "target_will_rain": 0.4455055892467499,
  "target_windspeed_10m_max": 20.334457397460938
}