{
  "target_temperature_2m_max": 21.40593147277832,
  "target_temperature_2m_min": 14.065831184387207,
  "target_temperature_2m_mean": 18.067127227783203,
  "target_will_rain": 0.5225427150726318,
  "target_windspeed_10m_max": 20.758813858032227
}