{
  "target_temperature_2m_max": 19.732166290283203,
  "target_temperature_2m_min": 12.698274612426758,
  "target_temperature_2m_mean": 16.49579429626465,
  "target_will_rain": 0.5009140968322754,
  "target_windspeed_10m_max": 19.972745895385742
}