{
  "target_temperature_2m_max": 25.117456436157227,
  "target_temperature_2m_min": 17.898378372192383,
  "target_temperature_2m_mean": 21.403377532958984,
  "target_will_rain": 0.3775821924209595,
  "target_windspeed_10m_max": 20.563405990600586
}