{
  "target_temperature_2m_max": 24.236080169677734,
  "target_temperature_2m_min": 16.980976104736328,
  "target_temperature_2m_mean": 20.605121612548828,
  "target_will_rain": 0.3967912495136261,
  "target_windspeed_10m_max": 20.462289810180664
}