{
  "target_temperature_2m_max": 21.254234313964844,
  "target_temperature_2m_min": 13.944311141967773,
  "target_temperature_2m_mean": 17.92209815979004,
  "target_will_rain": 0.5275704860687256,
  "target_windspeed_10m_max": 20.671537399291992
}