{
  "target_temperature_2m_max": 20.89896011352539,
  "target_temperature_2m_min": 13.696226119995117,
  "target_temperature_2m_mean": 17.5965633392334,
  "target_will_rain": 0.5015450119972229,
  "target_windspeed_10m_max": 20.24358558654785
}