{
  "target_temperature_2m_max": 21.2616024017334,
  "target_temperature_2m_min": 14.042084693908691,
  "target_temperature_2m_mean": 17.947336196899414,
  "target_will_rain": 0.48951461911201477,
  "target_windspeed_10m_max": 20.28542709350586
}