{
  "target_temperature_2m_max": 23.00202751159668,
  "target_temperature_2m_min": 15.768269538879395,
  "target_temperature_2m_mean": 19.51698875427246,
  "target_will_rain": 0.4360877573490143,
  "target_windspeed_10m_max": 20.29499626159668
}