{
  "target_temperature_2m_max": 25.098913192749023,
  "target_temperature_2m_min": 17.88701057434082,
  "target_temperature_2m_mean": 21.38777732849121,
  "target_will_rain": 0.376044362783432,
  "target_windspeed_10m_max": 20.545564651489258
}