{
  "target_temperature_2m_max": 15.83024787902832,
  "target_temperature_2m_min": 9.620306968688965,
  "target_temperature_2m_mean": 12.853676795959473,
  "target_will_rain": 0.4776206314563751,
  "target_windspeed_10m_max": 17.883403778076172
}