{
  "target_temperature_2m_max": 21.23384666442871,
  "target_temperature_2m_min": 13.908775329589844,
  "target_temperature_2m_mean": 17.906435012817383,
  "target_will_rain": 0.515730619430542,
  "target_windspeed_10m_max": 20.697078704833984
}