{
  "target_temperature_2m_max": 20.955421447753906,
  "target_temperature_2m_min": 11.104208946228027,
  "target_temperature_2m_mean": 16.146509170532227,
  "target_will_rain": 0.2749944031238556,
  "target_windspeed_10m_max": 22.361614227294922
}