{
  "target_temperature_2m_max": 22.15526580810547,
  "target_temperature_2m_min": 12.323498725891113,
  "target_temperature_2m_mean": 17.29819679260254,
  "target_will_rain": 0.214061439037323,
  "target_windspeed_10m_max": 21.5776309967041
}