{
  "target_temperature_2m_max": 18.67705535888672,
  "target_temperature_2m_min": 8.54100513458252,
  "target_temperature_2m_mean": 13.56301498413086,
  "target_will_rain": 0.33245837688446045,
  "target_windspeed_10m_max": 23.56886863708496
}