{
  "target_temperature_2m_max": 17.748058319091797,
  "target_temperature_2m_min": 7.580453872680664,
  "target_temperature_2m_mean": 12.566856384277344,
  "target_will_rain": 0.3637568950653076,
  "target_windspeed_10m_max": 23.586597442626953
}