{
  "target_temperature_2m_max": 22.28388214111328,
  "target_temperature_2m_min": 12.50150203704834,
  "target_temperature_2m_mean": 17.48103141784668,
  "target_will_rain": 0.2652924060821533,
  "target_windspeed_10m_max": 21.831880569458008
}