{
  "target_temperature_2m_max": 22.670822143554688,
  "target_temperature_2m_min": 12.917054176330566,
  "target_temperature_2m_mean": 17.902915954589844,
  "target_will_rain": 0.24883094429969788,
  "target_windspeed_10m_max": 21.521345138549805
}