{
  "target_temperature_2m_max": 21.90059471130371,
  "target_temperature_2m_min": 11.89034652709961,
  "target_temperature_2m_mean": 17.03159523010254,
  "target_will_rain": 0.15469056367874146,
  "target_windspeed_10m_max": 21.84928321838379
}