{
  "target_temperature_2m_max": 23.89960289001465,
  "target_temperature_2m_min": 14.355203628540039,
  "target_temperature_2m_mean": 19.214632034301758,
  "target_will_rain": 0.25693729519844055,
  "target_windspeed_10m_max": 20.778371810913086
}