{
  "target_temperature_2m_max": 23.480501174926758,
  "target_temperature_2m_min": 13.821232795715332,
  "target_temperature_2m_mean": 18.72113609313965,
  "target_will_rain": 0.23653846979141235,
  "target_windspeed_10m_max": 20.972759246826172
}