{
  "target_temperature_2m_max": 15.712861061096191,
  "target_temperature_2m_min": 5.375057220458984,
  "target_temperature_2m_mean": 10.334146499633789,
  "target_will_rain": 0.4443535804748535,
  "target_windspeed_10m_max": 23.578702926635742
}