{
  "target_temperature_2m_max": 23.4398136138916,
  "target_temperature_2m_min": 13.729964256286621,
  "target_temperature_2m_mean": 18.682846069335938,
  "target_will_rain": 0.23162445425987244,
  "target_windspeed_10m_max": 21.00804901123047
}