{
  "target_temperature_2m_max": 24.037506103515625,
  "target_temperature_2m_min": 14.368391036987305,
  "target_temperature_2m_mean": 19.29680824279785,
  "target_will_rain": 0.252346009016037,
  "target_windspeed_10m_max": 20.944887161254883
}