{
  "target_temperature_2m_max": 21.309703826904297,
  "target_temperature_2m_min": 11.427135467529297,
  "target_temperature_2m_mean": 16.496156692504883,
  "target_will_rain": 0.22761300206184387,
  "target_windspeed_10m_max": 22.218534469604492
}