{
  "target_temperature_2m_max": 15.422957420349121,
  "target_temperature_2m_min": 5.2226080894470215,
  "target_temperature_2m_mean": 10.200456619262695,
  "target_will_rain": 0.45087164640426636,
  "target_windspeed_10m_max": 23.25312614440918
}