{
  "target_temperature_2m_max": 19.391117095947266,
  "target_temperature_2m_min": 9.489060401916504,
  "target_temperature_2m_mean": 14.482769012451172,
  "target_will_rain": 0.3239685297012329,
  "target_windspeed_10m_max": 22.978424072265625
}