{
  "target_temperature_2m_max": 22.720823287963867,
  "target_temperature_2m_min": 12.960880279541016,
  "target_temperature_2m_mean": 17.9088191986084,
  "target_will_rain": 0.1994597613811493,
  "target_windspeed_10m_max": 21.152137756347656
}