{
  "target_temperature_2m_max": 22.7258243560791,
  "target_temperature_2m_min": 12.898703575134277,
  "target_temperature_2m_mean": 17.89009666442871,
  "target_will_rain": 0.21550419926643372,
  "target_windspeed_10m_max": 21.480566024780273
}