{
  "target_temperature_2m_max": 23.894672393798828,
  "target_temperature_2m_min": 14.36237907409668,
  "target_temperature_2m_mean": 19.222734451293945,
  "target_will_rain": 0.2522154152393341,
  "target_windspeed_10m_max": 20.716510772705078
}