{
  "target_temperature_2m_max": 22.864627838134766,
  "target_temperature_2m_min": 13.121918678283691,
  "target_temperature_2m_mean": 18.08609962463379,
  "target_will_rain": 0.23893025517463684,
  "target_windspeed_10m_max": 21.493162155151367
}