{
  "target_temperature_2m_max": 18.79403305053711,
  "target_temperature_2m_min": 8.658076286315918,
  "target_temperature_2m_mean": 13.727170944213867,
  "target_will_rain": 0.37509968876838684,
  "target_windspeed_10m_max": 23.675466537475586
}