{
  "target_temperature_2m_max": 23.899402618408203,
  "target_temperature_2m_min": 14.199891090393066,
  "target_temperature_2m_mean": 19.154096603393555,
  "target_will_rain": 0.2496979832649231,
  "target_windspeed_10m_max": 20.970638275146484
}