{
  "target_temperature_2m_max": 17.925477981567383,
  "target_temperature_2m_min": 7.9804582595825195,
  "target_temperature_2m_mean": 12.848722457885742,
  "target_will_rain": 0.31212669610977173,
  "target_windspeed_10m_max": 23.111103057861328
}