{
  "target_temperature_2m_max": 22.998363494873047,
  "target_temperature_2m_min": 13.202134132385254,
  "target_temperature_2m_mean": 18.171220779418945,
  "target_will_rain": 0.20378631353378296,
  "target_windspeed_10m_max": 21.22077178955078
}