{
  "target_temperature_2m_max": 23.361753463745117,
  "target_temperature_2m_min": 13.72984790802002,
  "target_temperature_2m_mean": 18.643598556518555,
  "target_will_rain": 0.2207823097705841,
  "target_windspeed_10m_max": 20.803752899169922
}