{
  "target_temperature_2m_max": 23.850139617919922,
  "target_temperature_2m_min": 14.191640853881836,
  "target_temperature_2m_mean": 19.1135196685791,
  "target_will_rain": 0.2479931116104126,
  "target_windspeed_10m_max": 20.89303207397461
}