{
  "target_temperature_2m_max": 16.662212371826172,
  "target_temperature_2m_min": 6.539888858795166,
  "target_temperature_2m_mean": 11.45111083984375,
  "target_will_rain": 0.40698590874671936,
  "target_windspeed_10m_max": 23.326900482177734
}