{
  "target_temperature_2m_max": 21.469024658203125,
  "target_temperature_2m_min": 11.556159019470215,
  "target_temperature_2m_mean": 16.623125076293945,
  "target_will_rain": 0.2561722695827484,
  "target_windspeed_10m_max": 22.437692642211914
}