{
  "target_temperature_2m_max": 24.01411247253418,
  "target_temperature_2m_min": 14.465274810791016,
  "target_temperature_2m_mean": 19.327810287475586,
  "target_will_rain": 0.2506537139415741,
  "target_windspeed_10m_max": 20.80242919921875
}