{
  "target_temperature_2m_max": 22.39612579345703,
  "target_temperature_2m_min": 12.608660697937012,
  "target_temperature_2m_mean": 17.60150146484375,
  "target_will_rain": 0.24047091603279114,
  "target_windspeed_10m_max": 21.61577606201172
}