{
  "target_temperature_2m_max": 22.779129028320312,
  "target_temperature_2m_min": 12.9815673828125,
  "target_temperature_2m_mean": 17.98200798034668,
  "target_will_rain": 0.2580898106098175,
  "target_windspeed_10m_max": 21.52513885498047
}