{
  "target_temperature_2m_max": 22.539508819580078,
  "target_temperature_2m_min": 12.769316673278809,
  "target_temperature_2m_mean": 17.724084854125977,
  "target_will_rain": 0.2076837420463562,
  "target_windspeed_10m_max": 21.120433807373047
}