{
  "target_temperature_2m_max": 19.527023315429688,
  "target_temperature_2m_min": 9.545256614685059,
  "target_temperature_2m_mean": 14.685715675354004,
  "target_will_rain": 0.269075870513916,
  "target_windspeed_10m_max": 22.910768508911133
}