{
  "target_temperature_2m_max": 22.421571731567383,
  "target_temperature_2m_min": 12.659808158874512,
  "target_temperature_2m_mean": 17.60511016845703,
  "target_will_rain": 0.21983850002288818,
  "target_windspeed_10m_max": 21.382545471191406
}