{
  "target_temperature_2m_max": 22.069753646850586,
  "target_temperature_2m_min": 12.1347074508667,
  "target_temperature_2m_mean": 17.203067779541016,
  "target_will_rain": 0.20726633071899414,
  "target_windspeed_10m_max": 21.721282958984375
}