{
  "target_temperature_2m_max": 20.132793426513672,
  "target_temperature_2m_min": 10.324295043945312,
  "target_temperature_2m_mean": 15.253763198852539,
  "target_will_rain": 0.3019520044326782,
  "target_windspeed_10m_max": 22.566415786743164
}