{
  "target_temperature_2m_max": 18.30719757080078,
  "target_temperature_2m_min": 8.145615577697754,
  "target_temperature_2m_mean": 13.18276596069336,
  "target_will_rain": 0.3027692139148712,
  "target_windspeed_10m_max": 23.425678253173828
}