{
  "target_temperature_2m_max": 23.37306022644043,
  "target_temperature_2m_min": 13.79841136932373,
  "target_temperature_2m_mean": 18.665260314941406,
  "target_will_rain": 0.24845564365386963,
  "target_windspeed_10m_max": 20.82992172241211
}