{
  "target_temperature_2m_max": 17.189577102661133,
  "target_temperature_2m_min": 7.005330562591553,
  "target_temperature_2m_mean": 11.958870887756348,
  "target_will_rain": 0.42637455463409424,
  "target_windspeed_10m_max": 23.618741989135742
}