{
  "target_temperature_2m_max": 23.700862884521484,
  "target_temperature_2m_min": 14.084085464477539,
  "target_temperature_2m_mean": 18.985488891601562,
  "target_will_rain": 0.2583542466163635,
  "target_windspeed_10m_max": 20.83401107788086
}