{
  "target_temperature_2m_max": 23.32124900817871,
  "target_temperature_2m_min": 13.7456693649292,
  "target_temperature_2m_mean": 18.5877685546875,
  "target_will_rain": 0.21814140677452087,
  "target_windspeed_10m_max": 20.814125061035156
}