{
  "target_temperature_2m_max": 19.8562068939209,
  "target_temperature_2m_min": 9.886008262634277,
  "target_temperature_2m_mean": 14.909932136535645,
  "target_will_rain": 0.29262790083885193,
  "target_windspeed_10m_max": 22.882240295410156
}