{
  "target_temperature_2m_max": 23.958023071289062,
  "target_temperature_2m_min": 14.360136032104492,
  "target_temperature_2m_mean": 19.256826400756836,
  "target_will_rain": 0.23855212330818176,
  "target_windspeed_10m_max": 20.850635528564453
}