{
  "target_temperature_2m_max": 17.04186248779297,
  "target_temperature_2m_min": 6.906623363494873,
  "target_temperature_2m_mean": 11.83256721496582,
  "target_will_rain": 0.3727092146873474,
  "target_windspeed_10m_max": 23.370790481567383
}