{
  "target_temperature_2m_max": 17.939945220947266,
  "target_temperature_2m_min": 7.975060939788818,
  "target_temperature_2m_mean": 12.865615844726562,
  "target_will_rain": 0.3291412591934204,
  "target_windspeed_10m_max": 23.2365665435791
}