{
  "target_temperature_2m_max": 22.487491607666016,
  "target_temperature_2m_min": 12.7048978805542,
  "target_temperature_2m_mean": 17.635791778564453,
  "target_will_rain": 0.26015719771385193,
  "target_windspeed_10m_max": 21.54104995727539
}