{
  "target_temperature_2m_max": 23.12372398376465,
  "target_temperature_2m_min": 13.475654602050781,
  "target_temperature_2m_mean": 18.386789321899414,
  "target_will_rain": 0.20377463102340698,
  "target_windspeed_10m_max": 20.97087287902832
}