{
  "target_temperature_2m_max": 16.809640884399414,
  "target_temperature_2m_min": 6.720793724060059,
  "target_temperature_2m_mean": 11.631258964538574,
  "target_will_rain": 0.380051851272583,
  "target_windspeed_10m_max": 23.13340950012207
}