{
  "target_temperature_2m_max": 20.792198181152344,
  "target_temperature_2m_min": 10.740220069885254,
  "target_temperature_2m_mean": 15.899616241455078,
  "target_will_rain": 0.23974615335464478,
  "target_windspeed_10m_max": 22.767831802368164
}