{
  "target_temperature_2m_max": 23.958518981933594,
  "target_temperature_2m_min": 14.334744453430176,
  "target_temperature_2m_mean": 19.238300323486328,
  "target_will_rain": 0.24717509746551514,
  "target_windspeed_10m_max": 20.87335968017578
}