{
  "target_temperature_2m_max": 24.054271697998047,
  "target_temperature_2m_min": 14.40052604675293,
  "target_temperature_2m_mean": 19.326780319213867,
  "target_will_rain": 0.2575404942035675,
  "target_windspeed_10m_max": 20.946321487426758
}