{
  "target_temperature_2m_max": 13.344300270080566,
  "target_temperature_2m_min": 3.217585563659668,
  "target_temperature_2m_mean": 8.13288688659668,
  "target_will_rain": 0.4964258670806885,
  "target_windspeed_10m_max": 22.248706817626953
}