{
  "target_temperature_2m_max": 23.568479537963867,
  "target_temperature_2m_min": 13.955649375915527,
  "target_temperature_2m_mean": 18.848194122314453,
  "target_will_rain": 0.2164263129234314,
  "target_windspeed_10m_max": 20.786264419555664
}