{
  "target_temperature_2m_max": 20.727252960205078,
  "target_temperature_2m_min": 10.800820350646973,
  "target_temperature_2m_mean": 15.841705322265625,
  "target_will_rain": 0.2541505992412567,
  "target_windspeed_10m_max": 22.533172607421875
}