{
  "target_temperature_2m_max": 23.965984344482422,
  "target_temperature_2m_min": 14.3640775680542,
  "target_temperature_2m_mean": 19.262752532958984,
  "target_will_rain": 0.24106255173683167,
  "target_windspeed_10m_max": 20.852903366088867
}