{
  "target_temperature_2m_max": 24.15727996826172,
  "target_temperature_2m_min": 14.479920387268066,
  "target_temperature_2m_mean": 19.421602249145508,
  "target_will_rain": 0.2586221396923065,
  "target_windspeed_10m_max": 20.99056053161621
}