{
  "target_temperature_2m_max": 19.350515365600586,
  "target_temperature_2m_min": 9.292405128479004,
  "target_temperature_2m_mean": 14.357521057128906,
  "target_will_rain": 0.30782386660575867,
  "target_windspeed_10m_max": 23.25568962097168
}