{
  "target_temperature_2m_max": 16.53915023803711,
  "target_temperature_2m_min": 6.2239909172058105,
  "target_temperature_2m_mean": 11.169839859008789,
  "target_will_rain": 0.43463706970214844,
  "target_windspeed_10m_max": 23.707073211669922
}