{
  "target_temperature_2m_max": 22.614452362060547,
  "target_temperature_2m_min": 12.767505645751953,
  "target_temperature_2m_mean": 17.77950096130371,
  "target_will_rain": 0.19850540161132812,
  "target_windspeed_10m_max": 21.534212112426758
}