{
  "target_temperature_2m_max": 12.980574607849121,
  "target_temperature_2m_min": 2.9625372886657715,
  "target_temperature_2m_mean": 7.8338398933410645,
  "target_will_rain": 0.4262315332889557,
  "target_windspeed_10m_max": 21.577228546142578
}