{
  "target_temperature_2m_max": 15.031102180480957,
  "target_temperature_2m_min": 4.754788875579834,
  "target_temperature_2m_mean": 9.721687316894531,
  "target_will_rain": 0.4899173974990845,
  "target_windspeed_10m_max": 23.339061737060547
}