{
  "target_temperature_2m_max": 23.869022369384766,
  "target_temperature_2m_min": 14.298754692077637,
  "target_temperature_2m_mean": 19.180646896362305,
  "target_will_rain": 0.2410552203655243,
  "target_windspeed_10m_max": 20.777938842773438
}