{
  "target_temperature_2m_max": 23.28835678100586,
  "target_temperature_2m_min": 13.507186889648438,
  "target_temperature_2m_mean": 18.48767852783203,
  "target_will_rain": 0.17887863516807556,
  "target_windspeed_10m_max": 21.07670021057129
}