{
  "target_temperature_2m_max": 22.05988311767578,
  "target_temperature_2m_min": 12.202168464660645,
  "target_temperature_2m_mean": 17.230215072631836,
  "target_will_rain": 0.2639623284339905,
  "target_windspeed_10m_max": 21.918865203857422
}