{
  "target_temperature_2m_max": 20.293800354003906,
  "target_temperature_2m_min": 10.252086639404297,
  "target_temperature_2m_mean": 15.371551513671875,
  "target_will_rain": 0.3156645596027374,
  "target_windspeed_10m_max": 23.31488609313965
}