{
  "target_temperature_2m_max": 21.566587448120117,
  "target_temperature_2m_min": 11.614402770996094,
  "target_temperature_2m_mean": 16.6937313079834,
  "target_will_rain": 0.23380953073501587,
  "target_windspeed_10m_max": 22.318870544433594
}