{
  "target_temperature_2m_max": 16.21746826171875,
  "target_temperature_2m_min": 5.869636058807373,
  "target_temperature_2m_mean": 10.813898086547852,
  "target_will_rain": 0.4417130649089813,
  "target_windspeed_10m_max": 23.696470260620117
}