{
  "target_temperature_2m_max": 17.57990264892578,
  "target_temperature_2m_min": 7.390923023223877,
  "target_temperature_2m_mean": 12.36507797241211,
  "target_will_rain": 0.3369186818599701,
  "target_windspeed_10m_max": 23.535537719726562
}