{
  "target_temperature_2m_max": 15.880306243896484,
  "target_temperature_2m_min": 9.809958457946777,
  "target_temperature_2m_mean": 12.981925964355469,
  "target_will_rain": 0.45457562804222107,
  "target_windspeed_10m_max": 17.547948837280273
}