{
  "target_temperature_2m_max": 13.272958755493164,
  "target_temperature_2m_min": 7.863908767700195,
  "target_temperature_2m_mean": 10.679898262023926,
  "target_will_rain": 0.4622829258441925,
  "target_windspeed_10m_max": 15.601004600524902
}