{
  "target_temperature_2m_max": 14.169039726257324,
  "target_temperature_2m_min": 8.44616413116455,
  "target_temperature_2m_mean": 11.483349800109863,
  "target_will_rain": 0.4831151068210602,
  "target_windspeed_10m_max": 16.729463577270508
}