{
  "target_temperature_2m_max": 19.9482479095459,
  "target_temperature_2m_min": 10.441295623779297,
  "target_temperature_2m_mean": 15.109952926635742,
  "target_will_rain": 0.46608078479766846,
  "target_windspeed_10m_max": 16.192777633666992
}