{
  "target_temperature_2m_max": 13.965715408325195,
  "target_temperature_2m_min": 5.119553565979004,
  "target_temperature_2m_mean": 9.461274147033691,
  "target_will_rain": 0.4871181547641754,
  "target_windspeed_10m_max": 16.617435455322266
}