{
  "target_temperature_2m_max": 20.50539207458496,
  "target_temperature_2m_min": 11.98645305633545,
  "target_temperature_2m_mean": 16.268232345581055,
  "target_will_rain": 0.305564820766449,
  "target_windspeed_10m_max": 14.12431526184082
}