{
  "target_temperature_2m_max": 20.940664291381836,
  "target_temperature_2m_min": 12.408369064331055,
  "target_temperature_2m_mean": 16.696901321411133,
  "target_will_rain": 0.2697587013244629,
  "target_windspeed_10m_max": 13.996317863464355
}