{
  "target_temperature_2m_max": 22.716856002807617,
  "target_temperature_2m_min": 13.485262870788574,
  "target_temperature_2m_mean": 18.208242416381836,
  "target_will_rain": 0.2959035634994507,
  "target_windspeed_10m_max": 15.084324836730957
}