{
  "target_temperature_2m_max": 2.204190731048584,
  "target_temperature_2m_min": -1.4364047050476074,
  "target_temperature_2m_mean": 0.5323916673660278,
  "target_will_rain": 0.20428526401519775,
  "target_windspeed_10m_max": 7.023179054260254
}