{
  "target_temperature_2m_max": 7.57380485534668,
  "target_temperature_2m_min": 1.596958041191101,
  "target_temperature_2m_mean": 4.607753753662109,
  "target_will_rain": 0.3940555155277252,
  "target_windspeed_10m_max": 11.643087387084961
}