{
  "target_temperature_2m_max": 19.04197883605957,
  "target_temperature_2m_min": 9.451497077941895,
  "target_temperature_2m_mean": 14.153182983398438,
  "target_will_rain": 0.5295443534851074,
  "target_windspeed_10m_max": 16.768075942993164
}