{
  "target_temperature_2m_max": 14.916767120361328,
  "target_temperature_2m_min": 6.198965549468994,
  "target_temperature_2m_mean": 10.503763198852539,
  "target_will_rain": 0.4828229248523712,
  "target_windspeed_10m_max": 16.045093536376953
}