{
  "target_temperature_2m_max": 22.136362075805664,
  "target_temperature_2m_min": 13.171529769897461,
  "target_temperature_2m_mean": 17.745817184448242,
  "target_will_rain": 0.28118497133255005,
  "target_windspeed_10m_max": 14.642728805541992
}