{
  "target_temperature_2m_max": 15.12612533569336,
  "target_temperature_2m_min": 6.338272571563721,
  "target_temperature_2m_mean": 10.623123168945312,
  "target_will_rain": 0.48088085651397705,
  "target_windspeed_10m_max": 16.4364013671875
}