{
  "target_temperature_2m_max": 18.779298782348633,
  "target_temperature_2m_min": 10.829665184020996,
  "target_temperature_2m_mean": 14.761780738830566,
  "target_will_rain": 0.28444528579711914,
  "target_windspeed_10m_max": 13.242934226989746
}