{
  "target_temperature_2m_max": 17.136598587036133,
  "target_temperature_2m_min": 9.517827033996582,
  "target_temperature_2m_mean": 13.231807708740234,
  "target_will_rain": 0.29180556535720825,
  "target_windspeed_10m_max": 12.903983116149902
}