{
  "target_temperature_2m_max": 20.780221939086914,
  "target_temperature_2m_min": 11.246037483215332,
  "target_temperature_2m_mean": 15.97197151184082,
  "target_will_rain": 0.42698556184768677,
  "target_windspeed_10m_max": 16.04593276977539
}