{
  "target_temperature_2m_max": 21.343244552612305,
  "target_temperature_2m_min": 12.347626686096191,
  "target_temperature_2m_mean": 16.89690589904785,
  "target_will_rain": 0.29081857204437256,
  "target_windspeed_10m_max": 14.755532264709473
}