{
  "target_temperature_2m_max": 15.086692810058594,
  "target_temperature_2m_min": 7.685641288757324,
  "target_temperature_2m_mean": 11.211583137512207,
  "target_will_rain": 0.30597367882728577,
  "target_windspeed_10m_max": 12.792548179626465
}