{
  "target_temperature_2m_max": 2.1985201835632324,
  "target_temperature_2m_min": -1.441274642944336,
  "target_temperature_2m_mean": 0.5275128483772278,
  "target_will_rain": 0.20429611206054688,
  "target_windspeed_10m_max": 7.021696090698242
}