{
  "target_temperature_2m_max": 21.06467628479004,
  "target_temperature_2m_min": 11.643503189086914,
  "target_temperature_2m_mean": 16.40131950378418,
  "target_will_rain": 0.4272552728652954,
  "target_windspeed_10m_max": 15.850690841674805
}