{
  "target_temperature_2m_max": 7.847954273223877,
  "target_temperature_2m_min": 0.8520182967185974,
  "target_temperature_2m_mean": 4.427765369415283,
  "target_will_rain": 0.4564352333545685,
  "target_windspeed_10m_max": 13.53856372833252
}