{
  "target_temperature_2m_max": 8.188894271850586,
  "target_temperature_2m_min": 0.941829264163971,
  "target_temperature_2m_mean": 4.58307409286499,
  "target_will_rain": 0.4930749535560608,
  "target_windspeed_10m_max": 14.144392967224121
}