{
  "target_temperature_2m_max": 16.59774398803711,
  "target_temperature_2m_min": 6.9470601081848145,
  "target_temperature_2m_mean": 11.73319149017334,
  "target_will_rain": 0.5696027278900146,
  "target_windspeed_10m_max": 17.979379653930664
}