{
  "target_temperature_2m_max": 22.6291561126709,
  "target_temperature_2m_min": 13.350337028503418,
  "target_temperature_2m_mean": 18.084367752075195,
  "target_will_rain": 0.300556480884552,
  "target_windspeed_10m_max": 15.203121185302734
}