{
  "target_temperature_2m_max": 16.48104476928711,
  "target_temperature_2m_min": 8.855441093444824,
  "target_temperature_2m_mean": 12.619126319885254,
  "target_will_rain": 0.2632231116294861,
  "target_windspeed_10m_max": 12.984149932861328
}