{
  "target_temperature_2m_max": 11.493459701538086,
  "target_temperature_2m_min": 4.971303939819336,
  "target_temperature_2m_mean": 8.154467582702637,
  "target_will_rain": 0.29345202445983887,
  "target_windspeed_10m_max": 11.840242385864258
}