{
  "target_temperature_2m_max": 15.155545234680176,
  "target_temperature_2m_min": 5.823289394378662,
  "target_temperature_2m_mean": 10.403301239013672,
  "target_will_rain": 0.539339005947113,
  "target_windspeed_10m_max": 17.63456153869629
}