{
  "target_temperature_2m_max": 13.615811347961426,
  "target_temperature_2m_min": 4.497703552246094,
  "target_temperature_2m_mean": 9.003011703491211,
  "target_will_rain": 0.5576300621032715,
  "target_windspeed_10m_max": 17.32960319519043
}