{
  "target_temperature_2m_max": 20.22502326965332,
  "target_temperature_2m_min": 10.709355354309082,
  "target_temperature_2m_mean": 15.420145034790039,
  "target_will_rain": 0.4757416844367981,
  "target_windspeed_10m_max": 16.151470184326172
}