{
  "target_temperature_2m_max": 20.292444229125977,
  "target_temperature_2m_min": 11.171313285827637,
  "target_temperature_2m_mean": 15.706476211547852,
  "target_will_rain": 0.4368874430656433,
  "target_windspeed_10m_max": 15.409969329833984
}