{
  "target_temperature_2m_max": 15.829452514648438,
  "target_temperature_2m_min": 6.459497451782227,
  "target_temperature_2m_mean": 11.020584106445312,
  "target_will_rain": 0.5269790291786194,
  "target_windspeed_10m_max": 17.655696868896484
}