{
  "target_temperature_2m_max": 11.212926864624023,
  "target_temperature_2m_min": 2.8795745372772217,
  "target_temperature_2m_mean": 6.953807830810547,
  "target_will_rain": 0.5086317658424377,
  "target_windspeed_10m_max": 16.18050193786621
}