{
  "target_temperature_2m_max": 5.566144943237305,
  "target_temperature_2m_min": 0.045396484434604645,
  "target_temperature_2m_mean": 2.879943609237671,
  "target_will_rain": 0.29410549998283386,
  "target_windspeed_10m_max": 10.59360122680664
}