{
  "target_temperature_2m_max": 15.84467887878418,
  "target_temperature_2m_min": 6.741941452026367,
  "target_temperature_2m_mean": 11.269258499145508,
  "target_will_rain": 0.5260445475578308,
  "target_windspeed_10m_max": 16.933515548706055
}