{
  "target_temperature_2m_max": 8.374494552612305,
  "target_temperature_2m_min": 0.5689642429351807,
  "target_temperature_2m_mean": 4.652475833892822,
  "target_will_rain": 0.46185415983200073,
  "target_windspeed_10m_max": 15.013418197631836
}