{
  "target_temperature_2m_max": 19.392770767211914,
  "target_temperature_2m_min": 9.877585411071777,
  "target_temperature_2m_mean": 14.496923446655273,
  "target_will_rain": 0.4793342351913452,
  "target_windspeed_10m_max": 16.291696548461914
}