{
  "target_temperature_2m_max": 14.2880859375,
  "target_temperature_2m_min": 5.415652275085449,
  "target_temperature_2m_mean": 9.784830093383789,
  "target_will_rain": 0.5324103832244873,
  "target_windspeed_10m_max": 16.665735244750977
}