{
  "target_temperature_2m_max": 14.902767181396484,
  "target_temperature_2m_min": 5.78951358795166,
  "target_temperature_2m_mean": 10.36319351196289,
  "target_will_rain": 0.5192796587944031,
  "target_windspeed_10m_max": 16.787734985351562
}