{
  "target_temperature_2m_max": 10.258970260620117,
  "target_temperature_2m_min": 4.52080774307251,
  "target_temperature_2m_mean": 7.313960552215576,
  "target_will_rain": 0.24149632453918457,
  "target_windspeed_10m_max": 10.21999740600586
}