{
  "target_temperature_2m_max": 12.603559494018555,
  "target_temperature_2m_min": 4.140305995941162,
  "target_temperature_2m_mean": 8.310895919799805,
  "target_will_rain": 0.49010682106018066,
  "target_windspeed_10m_max": 16.090839385986328
}