{
  "target_temperature_2m_max": 1.6771854162216187,
  "target_temperature_2m_min": -1.6622028350830078,
  "target_temperature_2m_mean": 0.25904566049575806,
  "target_will_rain": 0.23907263576984406,
  "target_windspeed_10m_max": 6.384883880615234
}