{
  "target_temperature_2m_max": 22.614545822143555,
  "target_temperature_2m_min": 13.450480461120605,
  "target_temperature_2m_mean": 18.13823890686035,
  "target_will_rain": 0.29221653938293457,
  "target_windspeed_10m_max": 14.964143753051758
}