{
  "target_temperature_2m_max": 21.12453269958496,
  "target_temperature_2m_min": 12.263012886047363,
  "target_temperature_2m_mean": 16.748106002807617,
  "target_will_rain": 0.2989956736564636,
  "target_windspeed_10m_max": 14.565472602844238
}