{
  "target_temperature_2m_max": 15.756214141845703,
  "target_temperature_2m_min": 8.47903060913086,
  "target_temperature_2m_mean": 11.9351224899292,
  "target_will_rain": 0.27552053332328796,
  "target_windspeed_10m_max": 12.414445877075195
}