{
  "target_temperature_2m_max": 22.61338233947754,
  "target_temperature_2m_min": 13.41907024383545,
  "target_temperature_2m_mean": 18.123239517211914,
  "target_will_rain": 0.29361236095428467,
  "target_windspeed_10m_max": 15.027898788452148
}