{
  "target_temperature_2m_max": 20.806926727294922,
  "target_temperature_2m_min": 11.502453804016113,
  "target_temperature_2m_mean": 16.131723403930664,
  "target_will_rain": 0.391459584236145,
  "target_windspeed_10m_max": 15.566258430480957
}