{
  "target_temperature_2m_max": 17.68743133544922,
  "target_temperature_2m_min": 7.958094596862793,
  "target_temperature_2m_mean": 12.76063346862793,
  "target_will_rain": 0.5618585348129272,
  "target_windspeed_10m_max": 17.838623046875
}