{
  "target_temperature_2m_max": 20.1028995513916,
  "target_temperature_2m_min": 11.171661376953125,
  "target_temperature_2m_mean": 15.662412643432617,
  "target_will_rain": 0.39488857984542847,
  "target_windspeed_10m_max": 15.164270401000977
}