{
  "target_temperature_2m_max": 15.77928352355957,
  "target_temperature_2m_min": 8.132851600646973,
  "target_temperature_2m_mean": 11.806123733520508,
  "target_will_rain": 0.32465118169784546,
  "target_windspeed_10m_max": 13.219613075256348
}