{
  "target_temperature_2m_max": 8.505231857299805,
  "target_temperature_2m_min": 2.5512170791625977,
  "target_temperature_2m_mean": 5.5383100509643555,
  "target_will_rain": 0.3078022599220276,
  "target_windspeed_10m_max": 11.25080680847168
}