{
  "target_temperature_2m_max": 22.63771629333496,
  "target_temperature_2m_min": 13.435534477233887,
  "target_temperature_2m_mean": 18.14685821533203,
  "target_will_rain": 0.29539740085601807,
  "target_windspeed_10m_max": 15.035995483398438
}