{
  "target_temperature_2m_max": 16.83466148376465,
  "target_temperature_2m_min": 7.608940124511719,
  "target_temperature_2m_mean": 12.126632690429688,
  "target_will_rain": 0.5121585726737976,
  "target_windspeed_10m_max": 16.853290557861328
}