{
  "target_temperature_2m_max": 16.198101043701172,
  "target_temperature_2m_min": 8.240891456604004,
  "target_temperature_2m_mean": 12.057252883911133,
  "target_will_rain": 0.32341158390045166,
  "target_windspeed_10m_max": 13.738204002380371
}