{
  "target_temperature_2m_max": 17.193899154663086,
  "target_temperature_2m_min": 7.737176418304443,
  "target_temperature_2m_mean": 12.424434661865234,
  "target_will_rain": 0.5168688893318176,
  "target_windspeed_10m_max": 17.31707000732422
}