{
  "target_temperature_2m_max": 19.99610710144043,
  "target_temperature_2m_min": 10.509023666381836,
  "target_temperature_2m_mean": 15.267850875854492,
  "target_will_rain": 0.506731390953064,
  "target_windspeed_10m_max": 16.42794418334961
}