{
  "target_temperature_2m_max": 21.00804901123047,
  "target_temperature_2m_min": 11.973525047302246,
  "target_temperature_2m_mean": 16.50190544128418,
  "target_will_rain": 0.3059411644935608,
  "target_windspeed_10m_max": 14.870671272277832
}