{
  "target_temperature_2m_max": 5.891766548156738,
  "target_temperature_2m_min": 0.8870062232017517,
  "target_temperature_2m_mean": 3.4460179805755615,
  "target_will_rain": 0.2874041497707367,
  "target_windspeed_10m_max": 9.552106857299805
}