{
  "target_temperature_2m_max": 19.37117576599121,
  "target_temperature_2m_min": 10.338168144226074,
  "target_temperature_2m_mean": 14.785640716552734,
  "target_will_rain": 0.41625750064849854,
  "target_windspeed_10m_max": 15.313157081604004
}