{
  "target_temperature_2m_max": 12.686296463012695,
  "target_temperature_2m_min": 6.438643455505371,
  "target_temperature_2m_mean": 9.459745407104492,
  "target_will_rain": 0.3085940480232239,
  "target_windspeed_10m_max": 11.248432159423828
}