{
  "target_temperature_2m_max": 16.11392593383789,
  "target_temperature_2m_min": 6.817914962768555,
  "target_temperature_2m_mean": 11.328996658325195,
  "target_will_rain": 0.5354954600334167,
  "target_windspeed_10m_max": 17.570608139038086
}