{
  "target_temperature_2m_max": 11.544103622436523,
  "target_temperature_2m_min": 3.1732053756713867,
  "target_temperature_2m_mean": 7.351684093475342,
  "target_will_rain": 0.5083523988723755,
  "target_windspeed_10m_max": 16.18623161315918
}