{
  "target_temperature_2m_max": 22.121715545654297,
  "target_temperature_2m_min": 13.0017728805542,
  "target_temperature_2m_mean": 17.632551193237305,
  "target_will_rain": 0.3066698908805847,
  "target_windspeed_10m_max": 14.96713924407959
}