{
  "target_temperature_2m_max": 11.753395080566406,
  "target_temperature_2m_min": 6.851568222045898,
  "target_temperature_2m_mean": 8.94845962524414,
  "target_will_rain": 0.24550539255142212,
  "target_windspeed_10m_max": 8.544028282165527
}