{
  "target_temperature_2m_max": 21.943675994873047,
  "target_temperature_2m_min": 12.79035758972168,
  "target_temperature_2m_mean": 17.42661476135254,
  "target_will_rain": 0.2924199104309082,
  "target_windspeed_10m_max": 15.07254695892334
}