{
  "target_temperature_2m_max": 13.376888275146484,
  "target_temperature_2m_min": 4.34828519821167,
  "target_temperature_2m_mean": 8.951177597045898,
  "target_will_rain": 0.5212724208831787,
  "target_windspeed_10m_max": 17.11775779724121
}