{
  "target_temperature_2m_max": 16.31753921508789,
  "target_temperature_2m_min": 8.409039497375488,
  "target_temperature_2m_mean": 12.228658676147461,
  "target_will_rain": 0.33448874950408936,
  "target_windspeed_10m_max": 13.84853744506836
}