{
  "target_temperature_2m_max": 18.55986213684082,
  "target_temperature_2m_min": 9.098004341125488,
  "target_temperature_2m_mean": 13.717653274536133,
  "target_will_rain": 0.4838210344314575,
  "target_windspeed_10m_max": 16.59860610961914
}