{
  "target_temperature_2m_max": 19.535741806030273,
  "target_temperature_2m_min": 10.302653312683105,
  "target_temperature_2m_mean": 14.902174949645996,
  "target_will_rain": 0.46395426988601685,
  "target_windspeed_10m_max": 15.91188907623291
}