{
  "target_temperature_2m_max": 18.784626007080078,
  "target_temperature_2m_min": 9.490144729614258,
  "target_temperature_2m_mean": 14.015380859375,
  "target_will_rain": 0.45095765590667725,
  "target_windspeed_10m_max": 16.037689208984375
}