{
  "target_temperature_2m_max": 13.971820831298828,
  "target_temperature_2m_min": 4.751417636871338,
  "target_temperature_2m_mean": 9.260560989379883,
  "target_will_rain": 0.5524305105209351,
  "target_windspeed_10m_max": 17.60256004333496
}