{
  "target_temperature_2m_max": 18.88802146911621,
  "target_temperature_2m_min": 9.907694816589355,
  "target_temperature_2m_mean": 14.784440040588379,
  "target_will_rain": 0.5307505130767822,
  "target_windspeed_10m_max": 14.37917423248291
}