{
  "target_temperature_2m_max": 22.122417449951172,
  "target_temperature_2m_min": 13.25092887878418,
  "target_temperature_2m_mean": 17.68065643310547,
  "target_will_rain": 0.3683026432991028,
  "target_windspeed_10m_max": 14.240962982177734
}