{
  "target_temperature_2m_max": 12.56376838684082,
  "target_temperature_2m_min": 5.579577922821045,
  "target_temperature_2m_mean": 9.384098052978516,
  "target_will_rain": 0.4339428246021271,
  "target_windspeed_10m_max": 11.405034065246582
}