{
  "target_temperature_2m_max": 13.331574440002441,
  "target_temperature_2m_min": 5.927448272705078,
  "target_temperature_2m_mean": 9.889059066772461,
  "target_will_rain": 0.5778629779815674,
  "target_windspeed_10m_max": 12.594734191894531
}