{
  "target_temperature_2m_max": 11.993045806884766,
  "target_temperature_2m_min": 5.237971305847168,
  "target_temperature_2m_mean": 8.955157279968262,
  "target_will_rain": 0.4083467125892639,
  "target_windspeed_10m_max": 10.23546314239502
}