{
  "target_temperature_2m_max": 14.981282234191895,
  "target_temperature_2m_min": 7.1255574226379395,
  "target_temperature_2m_mean": 11.32683277130127,
  "target_will_rain": 0.5367775559425354,
  "target_windspeed_10m_max": 13.132954597473145
}