{
  "target_temperature_2m_max": 20.985076904296875,
  "target_temperature_2m_min": 12.191176414489746,
  "target_temperature_2m_mean": 16.705692291259766,
  "target_will_rain": 0.29586443305015564,
  "target_windspeed_10m_max": 13.387149810791016
}