{
  "target_temperature_2m_max": 21.521800994873047,
  "target_temperature_2m_min": 12.610504150390625,
  "target_temperature_2m_mean": 17.204730987548828,
  "target_will_rain": 0.31220951676368713,
  "target_windspeed_10m_max": 13.329133033752441
}