{
  "target_temperature_2m_max": 24.291234970092773,
  "target_temperature_2m_min": 15.023301124572754,
  "target_temperature_2m_mean": 19.556461334228516,
  "target_will_rain": 0.2911962568759918,
  "target_windspeed_10m_max": 14.536242485046387
}