{
  "target_temperature_2m_max": 19.782285690307617,
  "target_temperature_2m_min": 10.893457412719727,
  "target_temperature_2m_mean": 15.607190132141113,
  "target_will_rain": 0.4190390706062317,
  "target_windspeed_10m_max": 14.04768180847168
}