{
  "target_temperature_2m_max": 21.913414001464844,
  "target_temperature_2m_min": 12.76051139831543,
  "target_temperature_2m_mean": 17.506183624267578,
  "target_will_rain": 0.48539265990257263,
  "target_windspeed_10m_max": 14.871748924255371
}