{
  "target_temperature_2m_max": 16.485916137695312,
  "target_temperature_2m_min": 8.53533935546875,
  "target_temperature_2m_mean": 12.826825141906738,
  "target_will_rain": 0.34324008226394653,
  "target_windspeed_10m_max": 11.86079216003418
}