{
  "target_temperature_2m_max": 20.469802856445312,
  "target_temperature_2m_min": 11.616559028625488,
  "target_temperature_2m_mean": 16.203662872314453,
  "target_will_rain": 0.4826747179031372,
  "target_windspeed_10m_max": 14.526126861572266
}