{
  "target_temperature_2m_max": 16.917245864868164,
  "target_temperature_2m_min": 8.303939819335938,
  "target_temperature_2m_mean": 13.06830883026123,
  "target_will_rain": 0.5159682035446167,
  "target_windspeed_10m_max": 13.463502883911133
}