{
  "target_temperature_2m_max": 24.26118278503418,
  "target_temperature_2m_min": 14.974851608276367,
  "target_temperature_2m_mean": 19.52801513671875,
  "target_will_rain": 0.30382442474365234,
  "target_windspeed_10m_max": 14.588104248046875
}