{
  "target_temperature_2m_max": 20.514280319213867,
  "target_temperature_2m_min": 11.466656684875488,
  "target_temperature_2m_mean": 16.267520904541016,
  "target_will_rain": 0.39857590198516846,
  "target_windspeed_10m_max": 14.18947696685791
}