{
  "target_temperature_2m_max": 20.17589569091797,
  "target_temperature_2m_min": 11.572844505310059,
  "target_temperature_2m_mean": 16.02033233642578,
  "target_will_rain": 0.29740697145462036,
  "target_windspeed_10m_max": 12.850439071655273
}