{
  "target_temperature_2m_max": 15.434947967529297,
  "target_temperature_2m_min": 7.210296154022217,
  "target_temperature_2m_mean": 11.71774959564209,
  "target_will_rain": 0.5506435036659241,
  "target_windspeed_10m_max": 13.327539443969727
}