{
  "target_temperature_2m_max": 23.977224349975586,
  "target_temperature_2m_min": 14.744345664978027,
  "target_temperature_2m_mean": 19.27704620361328,
  "target_will_rain": 0.30831605195999146,
  "target_windspeed_10m_max": 14.589377403259277
}