{
  "target_temperature_2m_max": 22.81316375732422,
  "target_temperature_2m_min": 13.646087646484375,
  "target_temperature_2m_mean": 18.256515502929688,
  "target_will_rain": 0.3986412286758423,
  "target_windspeed_10m_max": 14.746744155883789
}