{
  "target_temperature_2m_max": 17.475276947021484,
  "target_temperature_2m_min": 9.204329490661621,
  "target_temperature_2m_mean": 13.661341667175293,
  "target_will_rain": 0.4188346862792969,
  "target_windspeed_10m_max": 12.797551155090332
}