{
  "target_temperature_2m_max": 16.398311614990234,
  "target_temperature_2m_min": 8.468326568603516,
  "target_temperature_2m_mean": 12.790154457092285,
  "target_will_rain": 0.44095486402511597,
  "target_windspeed_10m_max": 12.114744186401367
}