{
  "target_temperature_2m_max": 23.867382049560547,
  "target_temperature_2m_min": 14.679180145263672,
  "target_temperature_2m_mean": 19.187313079833984,
  "target_will_rain": 0.28436893224716187,
  "target_windspeed_10m_max": 14.282153129577637
}