{
  "target_temperature_2m_max": 22.999271392822266,
  "target_temperature_2m_min": 13.691611289978027,
  "target_temperature_2m_mean": 18.4398250579834,
  "target_will_rain": 0.3344166874885559,
  "target_windspeed_10m_max": 14.409882545471191
}