{
  "target_temperature_2m_max": 21.66493034362793,
  "target_temperature_2m_min": 12.51502513885498,
  "target_temperature_2m_mean": 17.257308959960938,
  "target_will_rain": 0.40093547105789185,
  "target_windspeed_10m_max": 14.569883346557617
}