{
  "target_temperature_2m_max": 18.298097610473633,
  "target_temperature_2m_min": 9.456320762634277,
  "target_temperature_2m_mean": 14.239933013916016,
  "target_will_rain": 0.5285887122154236,
  "target_windspeed_10m_max": 14.190569877624512
}