{
  "target_temperature_2m_max": 13.634328842163086,
  "target_temperature_2m_min": 6.085827350616455,
  "target_temperature_2m_mean": 10.155756950378418,
  "target_will_rain": 0.5517212748527527,
  "target_windspeed_10m_max": 12.549296379089355
}