{
  "target_temperature_2m_max": 22.989078521728516,
  "target_temperature_2m_min": 14.069239616394043,
  "target_temperature_2m_mean": 18.49046516418457,
  "target_will_rain": 0.3258731961250305,
  "target_windspeed_10m_max": 14.011937141418457
}