{
  "target_temperature_2m_max": 22.37339973449707,
  "target_temperature_2m_min": 13.670429229736328,
  "target_temperature_2m_mean": 17.959888458251953,
  "target_will_rain": 0.2828225791454315,
  "target_windspeed_10m_max": 13.597905158996582
}