{
  "target_temperature_2m_max": 22.49637222290039,
  "target_temperature_2m_min": 13.305992126464844,
  "target_temperature_2m_mean": 17.99465560913086,
  "target_will_rain": 0.34001314640045166,
  "target_windspeed_10m_max": 14.454244613647461
}