{
  "target_temperature_2m_max": 21.503376007080078,
  "target_temperature_2m_min": 12.44632339477539,
  "target_temperature_2m_mean": 17.114919662475586,
  "target_will_rain": 0.41619735956192017,
  "target_windspeed_10m_max": 14.80549430847168
}