{
  "target_temperature_2m_max": 9.413483619689941,
  "target_temperature_2m_min": 3.3135292530059814,
  "target_temperature_2m_mean": 6.637882232666016,
  "target_will_rain": 0.47107207775115967,
  "target_windspeed_10m_max": 10.132193565368652
}