{
  "target_temperature_2m_max": 21.001846313476562,
  "target_temperature_2m_min": 11.820881843566895,
  "target_temperature_2m_mean": 16.7045841217041,
  "target_will_rain": 0.43297910690307617,
  "target_windspeed_10m_max": 14.386876106262207
}