{
  "target_temperature_2m_max": 13.232808113098145,
  "target_temperature_2m_min": 6.290336608886719,
  "target_temperature_2m_mean": 10.108820915222168,
  "target_will_rain": 0.3746604323387146,
  "target_windspeed_10m_max": 10.583927154541016
}