{
  "target_temperature_2m_max": 19.226289749145508,
  "target_temperature_2m_min": 10.76504135131836,
  "target_temperature_2m_mean": 15.197699546813965,
  "target_will_rain": 0.29662439227104187,
  "target_windspeed_10m_max": 12.706110954284668
}