{
  "target_temperature_2m_max": 21.982898712158203,
  "target_temperature_2m_min": 13.255438804626465,
  "target_temperature_2m_mean": 17.59976577758789,
  "target_will_rain": 0.2792833149433136,
  "target_windspeed_10m_max": 13.41904354095459
}