{
  "target_temperature_2m_max": 20.88292694091797,
  "target_temperature_2m_min": 12.155373573303223,
  "target_temperature_2m_mean": 16.611263275146484,
  "target_will_rain": 0.30651628971099854,
  "target_windspeed_10m_max": 13.349259376525879
}