{
  "target_temperature_2m_max": 11.546021461486816,
  "target_temperature_2m_min": 4.783055782318115,
  "target_temperature_2m_mean": 8.400744438171387,
  "target_will_rain": 0.5351783037185669,
  "target_windspeed_10m_max": 11.526691436767578
}