{
  "target_temperature_2m_max": 17.59609031677246,
  "target_temperature_2m_min": 8.994354248046875,
  "target_temperature_2m_mean": 13.748368263244629,
  "target_will_rain": 0.4865295886993408,
  "target_windspeed_10m_max": 13.411092758178711
}