{
  "target_temperature_2m_max": 19.69455337524414,
  "target_temperature_2m_min": 11.142894744873047,
  "target_temperature_2m_mean": 15.60192584991455,
  "target_will_rain": 0.36278823018074036,
  "target_windspeed_10m_max": 13.341333389282227
}