{
  "target_temperature_2m_max": 13.096503257751465,
  "target_temperature_2m_min": 6.012967586517334,
  "target_temperature_2m_mean": 9.79948902130127,
  "target_will_rain": 0.5441811084747314,
  "target_windspeed_10m_max": 12.006196975708008
}