{
  "target_temperature_2m_max": 17.704830169677734,
  "target_temperature_2m_min": 9.213495254516602,
  "target_temperature_2m_mean": 13.754767417907715,
  "target_will_rain": 0.5035598278045654,
  "target_windspeed_10m_max": 13.964282989501953
}