{
  "target_temperature_2m_max": 10.159536361694336,
  "target_temperature_2m_min": 3.909987211227417,
  "target_temperature_2m_mean": 7.353266716003418,
  "target_will_rain": 0.3634285032749176,
  "target_windspeed_10m_max": 9.649364471435547
}