{
  "target_temperature_2m_max": 19.191024780273438,
  "target_temperature_2m_min": 10.346563339233398,
  "target_temperature_2m_mean": 15.053736686706543,
  "target_will_rain": 0.4955447018146515,
  "target_windspeed_10m_max": 14.494184494018555
}