{
  "target_temperature_2m_max": 24.10798454284668,
  "target_temperature_2m_min": 14.814447402954102,
  "target_temperature_2m_mean": 19.387651443481445,
  "target_will_rain": 0.3184296786785126,
  "target_windspeed_10m_max": 14.675853729248047
}