{
  "target_temperature_2m_max": 23.405193328857422,
  "target_temperature_2m_min": 14.216655731201172,
  "target_temperature_2m_mean": 18.7628231048584,
  "target_will_rain": 0.312634140253067,
  "target_windspeed_10m_max": 14.570775032043457
}