{
  "target_temperature_2m_max": 15.92362117767334,
  "target_temperature_2m_min": 7.874789714813232,
  "target_temperature_2m_mean": 12.20934772491455,
  "target_will_rain": 0.5065723657608032,
  "target_windspeed_10m_max": 13.257556915283203
}