{
  "target_temperature_2m_max": 17.16084098815918,
  "target_temperature_2m_min": 8.81531810760498,
  "target_temperature_2m_mean": 13.260406494140625,
  "target_will_rain": 0.5295678973197937,
  "target_windspeed_10m_max": 13.889349937438965
}