{
  "target_temperature_2m_max": 15.333731651306152,
  "target_temperature_2m_min": 7.403096675872803,
  "target_temperature_2m_mean": 11.678502082824707,
  "target_will_rain": 0.49904096126556396,
  "target_windspeed_10m_max": 13.109539985656738
}