{
  "target_temperature_2m_max": 21.17026138305664,
  "target_temperature_2m_min": 12.489068984985352,
  "target_temperature_2m_mean": 16.902873992919922,
  "target_will_rain": 0.34509775042533875,
  "target_windspeed_10m_max": 13.59824275970459
}