{
  "target_temperature_2m_max": 15.14791202545166,
  "target_temperature_2m_min": 7.669312000274658,
  "target_temperature_2m_mean": 11.710064888000488,
  "target_will_rain": 0.34125086665153503,
  "target_windspeed_10m_max": 11.33517074584961
}