{
  "target_temperature_2m_max": 15.571139335632324,
  "target_temperature_2m_min": 7.339315891265869,
  "target_temperature_2m_mean": 11.922591209411621,
  "target_will_rain": 0.5199294686317444,
  "target_windspeed_10m_max": 12.694873809814453
}