{
  "target_temperature_2m_max": 21.076248168945312,
  "target_temperature_2m_min": 12.231525421142578,
  "target_temperature_2m_mean": 16.79326820373535,
  "target_will_rain": 0.4200412631034851,
  "target_windspeed_10m_max": 14.323331832885742
}