{
  "target_temperature_2m_max": 22.00971794128418,
  "target_temperature_2m_min": 12.797506332397461,
  "target_temperature_2m_mean": 17.56385040283203,
  "target_will_rain": 0.34960055351257324,
  "target_windspeed_10m_max": 14.498037338256836
}