{
  "target_temperature_2m_max": 15.580812454223633,
  "target_temperature_2m_min": 7.313724517822266,
  "target_temperature_2m_mean": 11.852836608886719,
  "target_will_rain": 0.5645424127578735,
  "target_windspeed_10m_max": 13.323920249938965
}