{
  "target_temperature_2m_max": 18.93682289123535,
  "target_temperature_2m_min": 10.591602325439453,
  "target_temperature_2m_mean": 14.967994689941406,
  "target_will_rain": 0.2965109944343567,
  "target_windspeed_10m_max": 12.395977020263672
}