{
  "target_temperature_2m_max": 21.1229305267334,
  "target_temperature_2m_min": 12.005630493164062,
  "target_temperature_2m_mean": 16.778972625732422,
  "target_will_rain": 0.4122975468635559,
  "target_windspeed_10m_max": 14.558076858520508
}