{
  "target_temperature_2m_max": 11.121838569641113,
  "target_temperature_2m_min": 4.274838924407959,
  "target_temperature_2m_mean": 8.032543182373047,
  "target_will_rain": 0.4496074914932251,
  "target_windspeed_10m_max": 11.103913307189941
}