{
  "target_temperature_2m_max": 20.112651824951172,
  "target_temperature_2m_min": 10.987098693847656,
  "target_temperature_2m_mean": 15.917365074157715,
  "target_will_rain": 0.43414297699928284,
  "target_windspeed_10m_max": 14.143562316894531
}