{
  "target_temperature_2m_max": 22.76242446899414,
  "target_temperature_2m_min": 13.589005470275879,
  "target_temperature_2m_mean": 18.236167907714844,
  "target_will_rain": 0.31709253787994385,
  "target_windspeed_10m_max": 14.42949390411377
}