{
  "target_temperature_2m_max": 17.618980407714844,
  "target_temperature_2m_min": 9.577122688293457,
  "target_temperature_2m_mean": 13.835578918457031,
  "target_will_rain": 0.3082731068134308,
  "target_windspeed_10m_max": 12.182579040527344
}