{
  "target_temperature_2m_max": 14.2647123336792,
  "target_temperature_2m_min": 6.626097202301025,
  "target_temperature_2m_mean": 10.734217643737793,
  "target_will_rain": 0.5216960906982422,
  "target_windspeed_10m_max": 12.659248352050781
}