{
  "target_temperature_2m_max": 10.264202117919922,
  "target_temperature_2m_min": 4.0133490562438965,
  "target_temperature_2m_mean": 7.413091659545898,
  "target_will_rain": 0.412714421749115,
  "target_windspeed_10m_max": 9.98647403717041
}