{
  "target_temperature_2m_max": 23.13088607788086,
  "target_temperature_2m_min": 13.964801788330078,
  "target_temperature_2m_mean": 18.56669044494629,
  "target_will_rain": 0.28828924894332886,
  "target_windspeed_10m_max": 14.315353393554688
}