{
  "target_temperature_2m_max": 19.568523406982422,
  "target_temperature_2m_min": 11.0651216506958,
  "target_temperature_2m_mean": 15.509758949279785,
  "target_will_rain": 0.2714249789714813,
  "target_windspeed_10m_max": 12.470020294189453
}