{
  "target_temperature_2m_max": 17.947208404541016,
  "target_temperature_2m_min": 9.281542778015137,
  "target_temperature_2m_mean": 13.902447700500488,
  "target_will_rain": 0.5254307985305786,
  "target_windspeed_10m_max": 14.379471778869629
}