{
  "target_temperature_2m_max": 16.24173927307129,
  "target_temperature_2m_min": 8.299935340881348,
  "target_temperature_2m_mean": 12.618022918701172,
  "target_will_rain": 0.5047142505645752,
  "target_windspeed_10m_max": 13.016461372375488
}