{
  "target_temperature_2m_max": 20.354219436645508,
  "target_temperature_2m_min": 11.348674774169922,
  "target_temperature_2m_mean": 16.16130828857422,
  "target_will_rain": 0.4524669647216797,
  "target_windspeed_10m_max": 14.22907543182373
}