{
  "target_temperature_2m_max": 16.6901912689209,
  "target_temperature_2m_min": 8.147658348083496,
  "target_temperature_2m_mean": 12.852768898010254,
  "target_will_rain": 0.5429028272628784,
  "target_windspeed_10m_max": 13.640911102294922
}