{
  "target_temperature_2m_max": 20.85988998413086,
  "target_temperature_2m_min": 11.737421035766602,
  "target_temperature_2m_mean": 16.52582359313965,
  "target_will_rain": 0.5203351974487305,
  "target_windspeed_10m_max": 15.038290023803711
}