{
  "target_temperature_2m_max": 19.433828353881836,
  "target_temperature_2m_min": 10.819510459899902,
  "target_temperature_2m_mean": 15.347628593444824,
  "target_will_rain": 0.3671933710575104,
  "target_windspeed_10m_max": 13.071664810180664
}