{
  "target_temperature_2m_max": 16.93680191040039,
  "target_temperature_2m_min": 9.150442123413086,
  "target_temperature_2m_mean": 13.226176261901855,
  "target_will_rain": 0.3092578649520874,
  "target_windspeed_10m_max": 11.994067192077637
}