{
  "target_temperature_2m_max": 14.525602340698242,
  "target_temperature_2m_min": 7.265563011169434,
  "target_temperature_2m_mean": 11.217328071594238,
  "target_will_rain": 0.4463649392127991,
  "target_windspeed_10m_max": 11.779536247253418
}