{
  "target_temperature_2m_max": 13.309569358825684,
  "target_temperature_2m_min": 6.304736137390137,
  "target_temperature_2m_mean": 10.163991928100586,
  "target_will_rain": 0.40243449807167053,
  "target_windspeed_10m_max": 10.62611198425293
}