{
  "target_temperature_2m_max": 16.70662498474121,
  "target_temperature_2m_min": 8.134601593017578,
  "target_temperature_2m_mean": 12.892121315002441,
  "target_will_rain": 0.45694467425346375,
  "target_windspeed_10m_max": 13.008343696594238
}