{
  "target_temperature_2m_max": 14.584073066711426,
  "target_temperature_2m_min": 8.177906036376953,
  "target_temperature_2m_mean": 11.585044860839844,
  "target_will_rain": 0.5408897995948792,
  "target_windspeed_10m_max": 11.939396858215332
}