{
  "target_temperature_2m_max": 21.639551162719727,
  "target_temperature_2m_min": 14.608943939208984,
  "target_temperature_2m_mean": 18.30466651916504,
  "target_will_rain": 0.48431679606437683,
  "target_windspeed_10m_max": 12.862184524536133
}