{
  "target_temperature_2m_max": 20.80239486694336,
  "target_temperature_2m_min": 13.658198356628418,
  "target_temperature_2m_mean": 17.552024841308594,
  "target_will_rain": 0.49871620535850525,
  "target_windspeed_10m_max": 12.804220199584961
}