{
  "target_temperature_2m_max": 16.45708656311035,
  "target_temperature_2m_min": 9.65307903289795,
  "target_temperature_2m_mean": 13.266212463378906,
  "target_will_rain": 0.5826917290687561,
  "target_windspeed_10m_max": 12.724249839782715
}