{
  "target_temperature_2m_max": 15.048938751220703,
  "target_temperature_2m_min": 8.425427436828613,
  "target_temperature_2m_mean": 11.959799766540527,
  "target_will_rain": 0.5523583889007568,
  "target_windspeed_10m_max": 12.523422241210938
}