{
  "target_temperature_2m_max": 18.48723793029785,
  "target_temperature_2m_min": 11.517894744873047,
  "target_temperature_2m_mean": 15.33850383758545,
  "target_will_rain": 0.5388273596763611,
  "target_windspeed_10m_max": 12.569263458251953
}