{
  "target_temperature_2m_max": 14.362743377685547,
  "target_temperature_2m_min": 7.876713752746582,
  "target_temperature_2m_mean": 11.288105010986328,
  "target_will_rain": 0.5715873837471008,
  "target_windspeed_10m_max": 12.318415641784668
}