{
  "target_temperature_2m_max": 17.69184684753418,
  "target_temperature_2m_min": 10.590964317321777,
  "target_temperature_2m_mean": 14.334965705871582,
  "target_will_rain": 0.6211082339286804,
  "target_windspeed_10m_max": 13.585043907165527
}