{
  "target_temperature_2m_max": 12.355554580688477,
  "target_temperature_2m_min": 6.177947521209717,
  "target_temperature_2m_mean": 9.377397537231445,
  "target_will_rain": 0.6094906330108643,
  "target_windspeed_10m_max": 11.972732543945312
}