{
  "target_temperature_2m_max": 20.61363410949707,
  "target_temperature_2m_min": 13.343331336975098,
  "target_temperature_2m_mean": 17.289653778076172,
  "target_will_rain": 0.5615246891975403,
  "target_windspeed_10m_max": 13.222062110900879
}