{
  "target_temperature_2m_max": 14.713685035705566,
  "target_temperature_2m_min": 8.138394355773926,
  "target_temperature_2m_mean": 11.619808197021484,
  "target_will_rain": 0.5801790952682495,
  "target_windspeed_10m_max": 12.514897346496582
}