{
  "target_temperature_2m_max": 19.935636520385742,
  "target_temperature_2m_min": 12.817198753356934,
  "target_temperature_2m_mean": 16.746612548828125,
  "target_will_rain": 0.5590788722038269,
  "target_windspeed_10m_max": 12.778225898742676
}