{
  "target_temperature_2m_max": 10.285242080688477,
  "target_temperature_2m_min": 4.721255302429199,
  "target_temperature_2m_mean": 7.572317600250244,
  "target_will_rain": 0.5253017544746399,
  "target_windspeed_10m_max": 10.519807815551758
}