{
  "target_temperature_2m_max": 14.141703605651855,
  "target_temperature_2m_min": 7.736288547515869,
  "target_temperature_2m_mean": 11.124940872192383,
  "target_will_rain": 0.5250962376594543,
  "target_windspeed_10m_max": 11.91843318939209
}