{
  "target_temperature_2m_max": 17.167009353637695,
  "target_temperature_2m_min": 10.191553115844727,
  "target_temperature_2m_mean": 13.920194625854492,
  "target_will_rain": 0.613516628742218,
  "target_windspeed_10m_max": 13.24950885772705
}