{
  "target_temperature_2m_max": 16.390317916870117,
  "target_temperature_2m_min": 9.484241485595703,
  "target_temperature_2m_mean": 13.158154487609863,
  "target_will_rain": 0.6063932776451111,
  "target_windspeed_10m_max": 13.18294620513916
}