{
  "target_temperature_2m_max": 21.58296012878418,
  "target_temperature_2m_min": 14.739928245544434,
  "target_temperature_2m_mean": 18.406112670898438,
  "target_will_rain": 0.4803195893764496,
  "target_windspeed_10m_max": 12.414134979248047
}