{
  "target_temperature_2m_max": 16.81699562072754,
  "target_temperature_2m_min": 9.86906909942627,
  "target_temperature_2m_mean": 13.509527206420898,
  "target_will_rain": 0.5458465218544006,
  "target_windspeed_10m_max": 13.028900146484375
}