{
  "target_temperature_2m_max": 10.626715660095215,
  "target_temperature_2m_min": 4.969150066375732,
  "target_temperature_2m_mean": 7.816280841827393,
  "target_will_rain": 0.5701141953468323,
  "target_windspeed_10m_max": 11.172304153442383
}