{
  "target_temperature_2m_max": 14.20040512084961,
  "target_temperature_2m_min": 7.814725399017334,
  "target_temperature_2m_mean": 11.226581573486328,
  "target_will_rain": 0.5233411192893982,
  "target_windspeed_10m_max": 11.825429916381836
}