{
  "target_temperature_2m_max": 13.497695922851562,
  "target_temperature_2m_min": 7.208423137664795,
  "target_temperature_2m_mean": 10.543689727783203,
  "target_will_rain": 0.5255431532859802,
  "target_windspeed_10m_max": 11.682319641113281
}