{
  "target_temperature_2m_max": 19.670425415039062,
  "target_temperature_2m_min": 12.513924598693848,
  "target_temperature_2m_mean": 16.247455596923828,
  "target_will_rain": 0.6072288155555725,
  "target_windspeed_10m_max": 13.51335334777832
}