{
  "target_temperature_2m_max": 22.71387481689453,
  "target_temperature_2m_min": 15.741694450378418,
  "target_temperature_2m_mean": 19.455982208251953,
  "target_will_rain": 0.4379225969314575,
  "target_windspeed_10m_max": 12.719569206237793
}