{
  "target_temperature_2m_max": 17.562917709350586,
  "target_temperature_2m_min": 10.510047912597656,
  "target_temperature_2m_mean": 14.220938682556152,
  "target_will_rain": 0.6413285732269287,
  "target_windspeed_10m_max": 13.628146171569824
}