{
  "target_temperature_2m_max": 22.095842361450195,
  "target_temperature_2m_min": 15.166662216186523,
  "target_temperature_2m_mean": 18.873979568481445,
  "target_will_rain": 0.4210275709629059,
  "target_windspeed_10m_max": 12.541187286376953
}