{
  "target_temperature_2m_max": 14.247431755065918,
  "target_temperature_2m_min": 7.740468502044678,
  "target_temperature_2m_mean": 11.163482666015625,
  "target_will_rain": 0.5948448777198792,
  "target_windspeed_10m_max": 12.432823181152344
}