{
  "target_temperature_2m_max": 16.41712760925293,
  "target_temperature_2m_min": 9.547863960266113,
  "target_temperature_2m_mean": 13.08920669555664,
  "target_will_rain": 0.5997903943061829,
  "target_windspeed_10m_max": 13.190983772277832
}