{
  "target_temperature_2m_max": 13.909814834594727,
  "target_temperature_2m_min": 7.481459617614746,
  "target_temperature_2m_mean": 10.870622634887695,
  "target_will_rain": 0.5641734600067139,
  "target_windspeed_10m_max": 12.233891487121582
}