{
  "target_temperature_2m_max": 15.755372047424316,
  "target_temperature_2m_min": 8.971436500549316,
  "target_temperature_2m_mean": 12.5698823928833,
  "target_will_rain": 0.5725579857826233,
  "target_windspeed_10m_max": 12.859390258789062
}