{
  "target_temperature_2m_max": 22.884395599365234,
  "target_temperature_2m_min": 15.885346412658691,
  "target_temperature_2m_mean": 19.608787536621094,
  "target_will_rain": 0.451406866312027,
  "target_windspeed_10m_max": 12.802299499511719
}