{
  "target_temperature_2m_max": 11.309168815612793,
  "target_temperature_2m_min": 5.697309970855713,
  "target_temperature_2m_mean": 8.500529289245605,
  "target_will_rain": 0.5477767586708069,
  "target_windspeed_10m_max": 10.933830261230469
}