{
  "target_temperature_2m_max": 18.018991470336914,
  "target_temperature_2m_min": 11.11081600189209,
  "target_temperature_2m_mean": 14.891809463500977,
  "target_will_rain": 0.5075618624687195,
  "target_windspeed_10m_max": 12.379075050354004
}