{
  "target_temperature_2m_max": 21.033859252929688,
  "target_temperature_2m_min": 13.94509220123291,
  "target_temperature_2m_mean": 17.773630142211914,
  "target_will_rain": 0.47569045424461365,
  "target_windspeed_10m_max": 12.67298698425293
}