{
  "target_temperature_2m_max": 17.36560821533203,
  "target_temperature_2m_min": 10.562885284423828,
  "target_temperature_2m_mean": 14.244638442993164,
  "target_will_rain": 0.50649094581604,
  "target_windspeed_10m_max": 12.278564453125
}