{
  "target_temperature_2m_max": 19.254962921142578,
  "target_temperature_2m_min": 11.98997688293457,
  "target_temperature_2m_mean": 15.833234786987305,
  "target_will_rain": 0.6243008971214294,
  "target_windspeed_10m_max": 13.679642677307129
}