{
  "target_temperature_2m_max": 17.385759353637695,
  "target_temperature_2m_min": 10.444199562072754,
  "target_temperature_2m_mean": 14.109525680541992,
  "target_will_rain": 0.5913547277450562,
  "target_windspeed_10m_max": 13.143903732299805
}