{
  "target_temperature_2m_max": 16.11048698425293,
  "target_temperature_2m_min": 9.670441627502441,
  "target_temperature_2m_mean": 13.036026000976562,
  "target_will_rain": 0.4987576901912689,
  "target_windspeed_10m_max": 11.734648704528809
}