{
  "target_temperature_2m_max": 16.92055892944336,
  "target_temperature_2m_min": 10.060412406921387,
  "target_temperature_2m_mean": 13.785961151123047,
  "target_will_rain": 0.530407726764679,
  "target_windspeed_10m_max": 12.588513374328613
}