{
  "target_temperature_2m_max": 19.416397094726562,
  "target_temperature_2m_min": 12.114581108093262,
  "target_temperature_2m_mean": 16.004093170166016,
  "target_will_rain": 0.6715537905693054,
  "target_windspeed_10m_max": 13.866219520568848
}