{
  "target_temperature_2m_max": 22.846616744995117,
  "target_temperature_2m_min": 15.864060401916504,
  "target_temperature_2m_mean": 19.574249267578125,
  "target_will_rain": 0.4492325484752655,
  "target_windspeed_10m_max": 12.775911331176758
}