{
  "target_temperature_2m_max": 16.399770736694336,
  "target_temperature_2m_min": 9.528576850891113,
  "target_temperature_2m_mean": 13.082710266113281,
  "target_will_rain": 0.5639505982398987,
  "target_windspeed_10m_max": 13.058948516845703
}