{
  "target_temperature_2m_max": 16.69245147705078,
  "target_temperature_2m_min": 9.725101470947266,
  "target_temperature_2m_mean": 13.421342849731445,
  "target_will_rain": 0.5953803062438965,
  "target_windspeed_10m_max": 13.287657737731934
}