{
  "target_temperature_2m_max": 17.740026473999023,
  "target_temperature_2m_min": 10.673890113830566,
  "target_temperature_2m_mean": 14.439964294433594,
  "target_will_rain": 0.6212846636772156,
  "target_windspeed_10m_max": 13.436582565307617
}