{
  "target_temperature_2m_max": 11.767483711242676,
  "target_temperature_2m_min": 6.239414215087891,
  "target_temperature_2m_mean": 9.056143760681152,
  "target_will_rain": 0.5034899711608887,
  "target_windspeed_10m_max": 10.314543724060059
}