{
  "target_temperature_2m_max": 18.91585922241211,
  "target_temperature_2m_min": 11.734481811523438,
  "target_temperature_2m_mean": 15.552809715270996,
  "target_will_rain": 0.6082423329353333,
  "target_windspeed_10m_max": 13.492894172668457
}