{
  "target_temperature_2m_max": 14.369391441345215,
  "target_temperature_2m_min": 7.883513450622559,
  "target_temperature_2m_mean": 11.323232650756836,
  "target_will_rain": 0.5327103137969971,
  "target_windspeed_10m_max": 12.137297630310059
}