{
  "target_temperature_2m_max": 19.2933292388916,
  "target_temperature_2m_min": 12.122062683105469,
  "target_temperature_2m_mean": 15.976956367492676,
  "target_will_rain": 0.6155617833137512,
  "target_windspeed_10m_max": 13.383005142211914
}