{
  "target_temperature_2m_max": 14.2289400100708,
  "target_temperature_2m_min": 7.659939289093018,
  "target_temperature_2m_mean": 11.114351272583008,
  "target_will_rain": 0.5441107749938965,
  "target_windspeed_10m_max": 12.598376274108887
}