{
  "target_temperature_2m_max": 12.22339916229248,
  "target_temperature_2m_min": 6.253973007202148,
  "target_temperature_2m_mean": 9.36435604095459,
  "target_will_rain": 0.5408288240432739,
  "target_windspeed_10m_max": 11.24125862121582
}