{
  "target_temperature_2m_max": 10.339168548583984,
  "target_temperature_2m_min": 4.734029293060303,
  "target_temperature_2m_mean": 7.552855014801025,
  "target_will_rain": 0.5810016989707947,
  "target_windspeed_10m_max": 10.7929105758667
}