{
  "target_temperature_2m_max": 13.726635932922363,
  "target_temperature_2m_min": 7.4226789474487305,
  "target_temperature_2m_mean": 10.683820724487305,
  "target_will_rain": 0.5466080904006958,
  "target_windspeed_10m_max": 11.877387046813965
}