{
  "target_temperature_2m_max": 16.1508846282959,
  "target_temperature_2m_min": 9.312898635864258,
  "target_temperature_2m_mean": 12.949545860290527,
  "target_will_rain": 0.5582937002182007,
  "target_windspeed_10m_max": 12.847368240356445
}