{
  "target_temperature_2m_max": 14.28426742553711,
  "target_temperature_2m_min": 7.8294477462768555,
  "target_temperature_2m_mean": 11.217899322509766,
  "target_will_rain": 0.5625512003898621,
  "target_windspeed_10m_max": 12.303300857543945
}