{
  "target_temperature_2m_max": 12.3436918258667,
  "target_temperature_2m_min": 6.379537582397461,
  "target_temperature_2m_mean": 9.468469619750977,
  "target_will_rain": 0.5050972700119019,
  "target_windspeed_10m_max": 11.018668174743652
}