{
  "target_temperature_2m_max": 17.61265754699707,
  "target_temperature_2m_min": 10.545370101928711,
  "target_temperature_2m_mean": 14.261306762695312,
  "target_will_rain": 0.6137378215789795,
  "target_windspeed_10m_max": 13.46103286743164
}