{
  "target_temperature_2m_max": 14.429061889648438,
  "target_temperature_2m_min": 7.901643753051758,
  "target_temperature_2m_mean": 11.267850875854492,
  "target_will_rain": 0.6266812086105347,
  "target_windspeed_10m_max": 12.773544311523438
}