{
  "target_temperature_2m_max": 17.435251235961914,
  "target_temperature_2m_min": 10.63558578491211,
  "target_temperature_2m_mean": 14.333772659301758,
  "target_will_rain": 0.5417444109916687,
  "target_windspeed_10m_max": 12.333061218261719
}