{
  "target_temperature_2m_max": 20.169864654541016,
  "target_temperature_2m_min": 12.915229797363281,
  "target_temperature_2m_mean": 16.856090545654297,
  "target_will_rain": 0.5688826441764832,
  "target_windspeed_10m_max": 13.224355697631836
}