{
  "target_temperature_2m_max": 14.141312599182129,
  "target_temperature_2m_min": 7.564929962158203,
  "target_temperature_2m_mean": 11.006086349487305,
  "target_will_rain": 0.5922790169715881,
  "target_windspeed_10m_max": 12.762324333190918
}