{
  "target_temperature_2m_max": 19.62117576599121,
  "target_temperature_2m_min": 12.400015830993652,
  "target_temperature_2m_mean": 16.205806732177734,
  "target_will_rain": 0.6732979416847229,
  "target_windspeed_10m_max": 13.810890197753906
}