{
  "target_temperature_2m_max": 17.3702449798584,
  "target_temperature_2m_min": 10.538018226623535,
  "target_temperature_2m_mean": 14.242147445678711,
  "target_will_rain": 0.5255239605903625,
  "target_windspeed_10m_max": 12.473800659179688
}