{
  "target_temperature_2m_max": 10.406614303588867,
  "target_temperature_2m_min": 4.8786702156066895,
  "target_temperature_2m_mean": 7.6919145584106445,
  "target_will_rain": 0.5004706382751465,
  "target_windspeed_10m_max": 10.3179931640625
}