{
  "target_temperature_2m_max": 19.692138671875,
  "target_temperature_2m_min": 12.67664623260498,
  "target_temperature_2m_mean": 16.552490234375,
  "target_will_rain": 0.48637959361076355,
  "target_windspeed_10m_max": 12.320075988769531
}