{
  "target_temperature_2m_max": 9.371231079101562,
  "target_temperature_2m_min": 4.297967433929443,
  "target_temperature_2m_mean": 6.8396687507629395,
  "target_will_rain": 0.49917539954185486,
  "target_windspeed_10m_max": 9.620023727416992
}