{
  "target_temperature_2m_max": 16.04730987548828,
  "target_temperature_2m_min": 7.552134990692139,
  "target_temperature_2m_mean": 11.758234024047852,
  "target_will_rain": 0.6703749299049377,
  "target_windspeed_10m_max": 9.782939910888672
}