{
  "target_temperature_2m_max": 13.12194538116455,
  "target_temperature_2m_min": 6.005044460296631,
  "target_temperature_2m_mean": 9.442692756652832,
  "target_will_rain": 0.5139734148979187,
  "target_windspeed_10m_max": 8.093710899353027
}