{
  "target_temperature_2m_max": 18.80942726135254,
  "target_temperature_2m_min": 10.549466133117676,
  "target_temperature_2m_mean": 14.72033977508545,
  "target_will_rain": 0.5787076950073242,
  "target_windspeed_10m_max": 9.121376037597656
}