{
  "target_temperature_2m_max": 23.437231063842773,
  "target_temperature_2m_min": 15.47028636932373,
  "target_temperature_2m_mean": 19.691204071044922,
  "target_will_rain": 0.5398575663566589,
  "target_windspeed_10m_max": 8.416473388671875
}