{
  "target_temperature_2m_max": 17.698957443237305,
  "target_temperature_2m_min": 9.547186851501465,
  "target_temperature_2m_mean": 13.648032188415527,
  "target_will_rain": 0.5846472382545471,
  "target_windspeed_10m_max": 9.151954650878906
}