{
  "target_temperature_2m_max": 13.67274284362793,
  "target_temperature_2m_min": 6.192606449127197,
  "target_temperature_2m_mean": 9.967167854309082,
  "target_will_rain": 0.6585118770599365,
  "target_windspeed_10m_max": 8.864704132080078
}