{
  "target_temperature_2m_max": 14.472257614135742,
  "target_temperature_2m_min": 6.530638217926025,
  "target_temperature_2m_mean": 10.606856346130371,
  "target_will_rain": 0.6677360534667969,
  "target_windspeed_10m_max": 9.374350547790527
}