{
  "target_temperature_2m_max": 16.835155487060547,
  "target_temperature_2m_min": 8.551087379455566,
  "target_temperature_2m_mean": 12.773767471313477,
  "target_will_rain": 0.617974042892456,
  "target_windspeed_10m_max": 9.420881271362305
}