{
  "target_temperature_2m_max": 19.24545669555664,
  "target_temperature_2m_min": 11.493544578552246,
  "target_temperature_2m_mean": 15.46814250946045,
  "target_will_rain": 0.43361547589302063,
  "target_windspeed_10m_max": 8.066396713256836
}