{
  "target_temperature_2m_max": 19.707597732543945,
  "target_temperature_2m_min": 11.098725318908691,
  "target_temperature_2m_mean": 15.34467601776123,
  "target_will_rain": 0.5731435418128967,
  "target_windspeed_10m_max": 9.53618049621582
}