{
  "target_temperature_2m_max": 16.072330474853516,
  "target_temperature_2m_min": 7.485130786895752,
  "target_temperature_2m_mean": 11.771754264831543,
  "target_will_rain": 0.6833454370498657,
  "target_windspeed_10m_max": 9.943119049072266
}