{
  "target_temperature_2m_max": 17.88604164123535,
  "target_temperature_2m_min": 9.264481544494629,
  "target_temperature_2m_mean": 13.505763053894043,
  "target_will_rain": 0.6415897607803345,
  "target_windspeed_10m_max": 9.769575119018555
}