{
  "target_temperature_2m_max": 18.098424911499023,
  "target_temperature_2m_min": 9.673689842224121,
  "target_temperature_2m_mean": 13.996149063110352,
  "target_will_rain": 0.5574429631233215,
  "target_windspeed_10m_max": 9.51552677154541
}