{
  "target_temperature_2m_max": 12.104108810424805,
  "target_temperature_2m_min": 4.855383396148682,
  "target_temperature_2m_mean": 8.496703147888184,
  "target_will_rain": 0.659828245639801,
  "target_windspeed_10m_max": 8.711139678955078
}