{
  "target_temperature_2m_max": 17.90039825439453,
  "target_temperature_2m_min": 9.778412818908691,
  "target_temperature_2m_mean": 13.760790824890137,
  "target_will_rain": 0.5424425005912781,
  "target_windspeed_10m_max": 8.865682601928711
}