{
  "target_temperature_2m_max": 15.03393268585205,
  "target_temperature_2m_min": 6.715263843536377,
  "target_temperature_2m_mean": 10.871868133544922,
  "target_will_rain": 0.6808138489723206,
  "target_windspeed_10m_max": 9.687967300415039
}