{
  "target_temperature_2m_max": 16.28978729248047,
  "target_temperature_2m_min": 8.19861125946045,
  "target_temperature_2m_mean": 12.25747299194336,
  "target_will_rain": 0.6016574501991272,
  "target_windspeed_10m_max": 9.268402099609375
}