{
  "target_temperature_2m_max": 18.710525512695312,
  "target_temperature_2m_min": 10.139325141906738,
  "target_temperature_2m_mean": 14.482726097106934,
  "target_will_rain": 0.5812307596206665,
  "target_windspeed_10m_max": 9.578890800476074
}