{
  "target_temperature_2m_max": 15.750889778137207,
  "target_temperature_2m_min": 7.770473480224609,
  "target_temperature_2m_mean": 11.849783897399902,
  "target_will_rain": 0.6662300825119019,
  "target_windspeed_10m_max": 9.408944129943848
}