{
  "target_temperature_2m_max": 17.748497009277344,
  "target_temperature_2m_min": 9.689753532409668,
  "target_temperature_2m_mean": 13.622368812561035,
  "target_will_rain": 0.5409172177314758,
  "target_windspeed_10m_max": 8.761453628540039
}