{
  "target_temperature_2m_max": 17.802120208740234,
  "target_temperature_2m_min": 9.073807716369629,
  "target_temperature_2m_mean": 13.511531829833984,
  "target_will_rain": 0.6570407748222351,
  "target_windspeed_10m_max": 10.025567054748535
}