{
  "target_temperature_2m_max": 21.111595153808594,
  "target_temperature_2m_min": 12.9983549118042,
  "target_temperature_2m_mean": 17.188884735107422,
  "target_will_rain": 0.4980030655860901,
  "target_windspeed_10m_max": 8.611936569213867
}