{
  "target_temperature_2m_max": 12.627069473266602,
  "target_temperature_2m_min": 5.316500663757324,
  "target_temperature_2m_mean": 8.96214771270752,
  "target_will_rain": 0.558151125907898,
  "target_windspeed_10m_max": 8.436079978942871
}