{
  "target_temperature_2m_max": 16.598190307617188,
  "target_temperature_2m_min": 8.189329147338867,
  "target_temperature_2m_mean": 12.417346000671387,
  "target_will_rain": 0.6862273216247559,
  "target_windspeed_10m_max": 9.817071914672852
}