{
  "target_temperature_2m_max": 22.49734115600586,
  "target_temperature_2m_min": 14.312472343444824,
  "target_temperature_2m_mean": 18.585926055908203,
  "target_will_rain": 0.5292733311653137,
  "target_windspeed_10m_max": 8.730365753173828
}