{
  "target_temperature_2m_max": 18.81143569946289,
  "target_temperature_2m_min": 10.34580135345459,
  "target_temperature_2m_mean": 14.593846321105957,
  "target_will_rain": 0.5796537399291992,
  "target_windspeed_10m_max": 9.4583740234375
}