{
  "target_temperature_2m_max": 17.01956558227539,
  "target_temperature_2m_min": 8.573906898498535,
  "target_temperature_2m_mean": 12.770207405090332,
  "target_will_rain": 0.6583372354507446,
  "target_windspeed_10m_max": 9.634032249450684
}