{
  "target_temperature_2m_max": 21.7700252532959,
  "target_temperature_2m_min": 13.895071983337402,
  "target_temperature_2m_mean": 18.05061912536621,
  "target_will_rain": 0.5654284954071045,
  "target_windspeed_10m_max": 8.451244354248047
}