{
  "target_temperature_2m_max": 22.652706146240234,
  "target_temperature_2m_min": 14.856329917907715,
  "target_temperature_2m_mean": 18.952362060546875,
  "target_will_rain": 0.5125664472579956,
  "target_windspeed_10m_max": 8.194620132446289
}