{
  "target_temperature_2m_max": 15.645413398742676,
  "target_temperature_2m_min": 7.8397345542907715,
  "target_temperature_2m_mean": 11.63416862487793,
  "target_will_rain": 0.5242236256599426,
  "target_windspeed_10m_max": 8.710740089416504
}