{
  "target_temperature_2m_max": 14.886594772338867,
  "target_temperature_2m_min": 6.624897480010986,
  "target_temperature_2m_mean": 10.683562278747559,
  "target_will_rain": 0.6646572351455688,
  "target_windspeed_10m_max": 9.494061470031738
}