{
  "target_temperature_2m_max": 21.494081497192383,
  "target_temperature_2m_min": 13.458879470825195,
  "target_temperature_2m_mean": 17.690818786621094,
  "target_will_rain": 0.5650464296340942,
  "target_windspeed_10m_max": 8.619583129882812
}