{
  "target_temperature_2m_max": 13.167763710021973,
  "target_temperature_2m_min": 5.665219783782959,
  "target_temperature_2m_mean": 9.335103988647461,
  "target_will_rain": 0.5787428617477417,
  "target_windspeed_10m_max": 8.664806365966797
}