{
  "target_temperature_2m_max": 19.32685089111328,
  "target_temperature_2m_min": 10.590333938598633,
  "target_temperature_2m_mean": 15.001313209533691,
  "target_will_rain": 0.6239460110664368,
  "target_windspeed_10m_max": 9.881983757019043
}