{
  "target_temperature_2m_max": 17.466636657714844,
  "target_temperature_2m_min": 8.99100399017334,
  "target_temperature_2m_mean": 13.218066215515137,
  "target_will_rain": 0.6504523158073425,
  "target_windspeed_10m_max": 9.709112167358398
}