{
  "target_temperature_2m_max": 14.436809539794922,
  "target_temperature_2m_min": 6.626965045928955,
  "target_temperature_2m_mean": 10.56364917755127,
  "target_will_rain": 0.5738580822944641,
  "target_windspeed_10m_max": 8.958992958068848
}