{
  "target_temperature_2m_max": 21.469440460205078,
  "target_temperature_2m_min": 13.453673362731934,
  "target_temperature_2m_mean": 17.678688049316406,
  "target_will_rain": 0.5492284893989563,
  "target_windspeed_10m_max": 8.663508415222168
}