{
  "target_temperature_2m_max": 16.989303588867188,
  "target_temperature_2m_min": 8.438200950622559,
  "target_temperature_2m_mean": 12.770358085632324,
  "target_will_rain": 0.7128763794898987,
  "target_windspeed_10m_max": 9.938944816589355
}