{
  "target_temperature_2m_max": 12.714576721191406,
  "target_temperature_2m_min": 5.590951442718506,
  "target_temperature_2m_mean": 9.291064262390137,
  "target_will_rain": 0.6161904335021973,
  "target_windspeed_10m_max": 8.387468338012695
}