{
  "target_temperature_2m_max": 15.553940773010254,
  "target_temperature_2m_min": 7.160220146179199,
  "target_temperature_2m_mean": 11.362695693969727,
  "target_will_rain": 0.6872990727424622,
  "target_windspeed_10m_max": 9.779386520385742
}