{
  "target_temperature_2m_max": 16.432165145874023,
  "target_temperature_2m_min": 8.294079780578613,
  "target_temperature_2m_mean": 12.240004539489746,
  "target_will_rain": 0.5234880447387695,
  "target_windspeed_10m_max": 9.025283813476562
}