{
  "target_temperature_2m_max": 11.14455509185791,
  "target_temperature_2m_min": 4.296950817108154,
  "target_temperature_2m_mean": 7.74572229385376,
  "target_will_rain": 0.6402467489242554,
  "target_windspeed_10m_max": 8.311277389526367
}