{
  "target_temperature_2m_max": 23.465801239013672,
  "target_temperature_2m_min": 15.48469066619873,
  "target_temperature_2m_mean": 19.6993350982666,
  "target_will_rain": 0.5368224382400513,
  "target_windspeed_10m_max": 8.428864479064941
}