{
  "target_temperature_2m_max": 20.436717987060547,
  "target_temperature_2m_min": 12.402670860290527,
  "target_temperature_2m_mean": 16.550277709960938,
  "target_will_rain": 0.4550420045852661,
  "target_windspeed_10m_max": 8.401883125305176
}