{
  "target_temperature_2m_max": 13.62942886352539,
  "target_temperature_2m_min": 6.075242519378662,
  "target_temperature_2m_mean": 9.889251708984375,
  "target_will_rain": 0.5973678827285767,
  "target_windspeed_10m_max": 8.810652732849121
}