{
  "target_temperature_2m_max": 16.74262809753418,
  "target_temperature_2m_min": 7.9262614250183105,
  "target_temperature_2m_mean": 12.30240535736084,
  "target_will_rain": 0.6869145035743713,
  "target_windspeed_10m_max": 10.140729904174805
}