{
  "target_temperature_2m_max": 15.940692901611328,
  "target_temperature_2m_min": 7.765475273132324,
  "target_temperature_2m_mean": 11.758160591125488,
  "target_will_rain": 0.5572052597999573,
  "target_windspeed_10m_max": 9.141080856323242
}