{
  "target_temperature_2m_max": 10.973997116088867,
  "target_temperature_2m_min": 3.9248340129852295,
  "target_temperature_2m_mean": 7.4417033195495605,
  "target_will_rain": 0.5076236724853516,
  "target_windspeed_10m_max": 8.275962829589844
}