{
  "target_temperature_2m_max": 23.53982162475586,
  "target_temperature_2m_min": 15.56107234954834,
  "target_temperature_2m_mean": 19.782806396484375,
  "target_will_rain": 0.5406296253204346,
  "target_windspeed_10m_max": 8.433329582214355
}