{
  "target_temperature_2m_max": 18.599702835083008,
  "target_temperature_2m_min": 9.895730018615723,
  "target_temperature_2m_mean": 14.249846458435059,
  "target_will_rain": 0.5779808759689331,
  "target_windspeed_10m_max": 9.817224502563477
}