{
  "target_temperature_2m_max": 18.474834442138672,
  "target_temperature_2m_min": 10.341870307922363,
  "target_temperature_2m_mean": 14.42480182647705,
  "target_will_rain": 0.5411931872367859,
  "target_windspeed_10m_max": 8.81367015838623
}