{
  "target_temperature_2m_max": 16.380456924438477,
  "target_temperature_2m_min": 7.775761604309082,
  "target_temperature_2m_mean": 12.072958946228027,
  "target_will_rain": 0.693668782711029,
  "target_windspeed_10m_max": 9.942859649658203
}