{
  "target_temperature_2m_max": 15.025856018066406,
  "target_temperature_2m_min": 6.799072742462158,
  "target_temperature_2m_mean": 10.87890338897705,
  "target_will_rain": 0.6730003952980042,
  "target_windspeed_10m_max": 9.559070587158203
}