{
  "target_temperature_2m_max": 18.055511474609375,
  "target_temperature_2m_min": 9.665544509887695,
  "target_temperature_2m_mean": 13.9154691696167,
  "target_will_rain": 0.6408748030662537,
  "target_windspeed_10m_max": 9.696953773498535
}