{
  "target_temperature_2m_max": 13.120260238647461,
  "target_temperature_2m_min": 5.8212385177612305,
  "target_temperature_2m_mean": 9.484967231750488,
  "target_will_rain": 0.5793856978416443,
  "target_windspeed_10m_max": 8.498274803161621
}