{
  "target_temperature_2m_max": 20.693431854248047,
  "target_temperature_2m_min": 12.757133483886719,
  "target_temperature_2m_mean": 16.822179794311523,
  "target_will_rain": 0.49461671710014343,
  "target_windspeed_10m_max": 8.316946029663086
}