{
  "target_temperature_2m_max": 22.151107788085938,
  "target_temperature_2m_min": 14.157474517822266,
  "target_temperature_2m_mean": 18.316776275634766,
  "target_will_rain": 0.5659888386726379,
  "target_windspeed_10m_max": 8.522577285766602
}