{
  "target_temperature_2m_max": 16.086095809936523,
  "target_temperature_2m_min": 7.864251613616943,
  "target_temperature_2m_mean": 11.917496681213379,
  "target_will_rain": 0.5647220015525818,
  "target_windspeed_10m_max": 9.200512886047363
}