{
  "target_temperature_2m_max": 20.802562713623047,
  "target_temperature_2m_min": 12.517292976379395,
  "target_temperature_2m_mean": 16.866973876953125,
  "target_will_rain": 0.547452986240387,
  "target_windspeed_10m_max": 9.100345611572266
}