{
  "target_temperature_2m_max": 22.973491668701172,
  "target_temperature_2m_min": 15.136622428894043,
  "target_temperature_2m_mean": 19.27151107788086,
  "target_will_rain": 0.5187935829162598,
  "target_windspeed_10m_max": 8.250154495239258
}