{
  "target_temperature_2m_max": 20.586225509643555,
  "target_temperature_2m_min": 12.022448539733887,
  "target_temperature_2m_mean": 16.334653854370117,
  "target_will_rain": 0.580147385597229,
  "target_windspeed_10m_max": 9.305120468139648
}