{
  "target_temperature_2m_max": 19.26866912841797,
  "target_temperature_2m_min": 10.371739387512207,
  "target_temperature_2m_mean": 14.739627838134766,
  "target_will_rain": 0.5791657567024231,
  "target_windspeed_10m_max": 9.954644203186035
}