{
  "target_temperature_2m_max": 10.963302612304688,
  "target_temperature_2m_min": 3.917332649230957,
  "target_temperature_2m_mean": 7.432713985443115,
  "target_will_rain": 0.5074180364608765,
  "target_windspeed_10m_max": 8.273065567016602
}