{
  "target_temperature_2m_max": 17.866043090820312,
  "target_temperature_2m_min": 9.634005546569824,
  "target_temperature_2m_mean": 13.797282218933105,
  "target_will_rain": 0.5630040764808655,
  "target_windspeed_10m_max": 9.334785461425781
}