{
  "target_temperature_2m_max": 13.259765625,
  "target_temperature_2m_min": 5.7152557373046875,
  "target_temperature_2m_mean": 9.5288724899292,
  "target_will_rain": 0.6316561698913574,
  "target_windspeed_10m_max": 8.91069507598877
}