{
  "target_temperature_2m_max": 18.025747299194336,
  "target_temperature_2m_min": 10.164020538330078,
  "target_temperature_2m_mean": 14.187969207763672,
  "target_will_rain": 0.3762451112270355,
  "target_windspeed_10m_max": 8.087560653686523
}