{
  "target_temperature_2m_max": 15.736605644226074,
  "target_temperature_2m_min": 8.507220268249512,
  "target_temperature_2m_mean": 12.134166717529297,
  "target_will_rain": 0.3477141261100769,
  "target_windspeed_10m_max": 7.324582099914551
}