{
  "target_temperature_2m_max": 14.481810569763184,
  "target_temperature_2m_min": 7.356843948364258,
  "target_temperature_2m_mean": 10.824482917785645,
  "target_will_rain": 0.45735350251197815,
  "target_windspeed_10m_max": 7.526839256286621
}