{
  "target_temperature_2m_max": 19.868244171142578,
  "target_temperature_2m_min": 11.58019733428955,
  "target_temperature_2m_mean": 15.891777992248535,
  "target_will_rain": 0.4135768413543701,
  "target_windspeed_10m_max": 8.53223705291748
}