{
  "target_temperature_2m_max": 14.175065040588379,
  "target_temperature_2m_min": 7.239055633544922,
  "target_temperature_2m_mean": 10.703739166259766,
  "target_will_rain": 0.40070223808288574,
  "target_windspeed_10m_max": 7.303829669952393
}