{
  "target_temperature_2m_max": 19.807945251464844,
  "target_temperature_2m_min": 11.566973686218262,
  "target_temperature_2m_mean": 15.81015396118164,
  "target_will_rain": 0.3940918743610382,
  "target_windspeed_10m_max": 8.458000183105469
}