{
  "target_temperature_2m_max": 18.932119369506836,
  "target_temperature_2m_min": 10.89607048034668,
  "target_temperature_2m_mean": 15.090044021606445,
  "target_will_rain": 0.4255775511264801,
  "target_windspeed_10m_max": 8.180728912353516
}