{
  "target_temperature_2m_max": 22.341453552246094,
  "target_temperature_2m_min": 13.739524841308594,
  "target_temperature_2m_mean": 18.27692985534668,
  "target_will_rain": 0.47009602189064026,
  "target_windspeed_10m_max": 8.956531524658203
}