{
  "target_temperature_2m_max": 18.386032104492188,
  "target_temperature_2m_min": 10.314051628112793,
  "target_temperature_2m_mean": 14.46181583404541,
  "target_will_rain": 0.422183632850647,
  "target_windspeed_10m_max": 8.217214584350586
}