{
  "target_temperature_2m_max": 23.2813720703125,
  "target_temperature_2m_min": 14.826802253723145,
  "target_temperature_2m_mean": 19.32563591003418,
  "target_will_rain": 0.4830414056777954,
  "target_windspeed_10m_max": 8.74513053894043
}