{
  "target_temperature_2m_max": 24.77975082397461,
  "target_temperature_2m_min": 16.550947189331055,
  "target_temperature_2m_mean": 20.98139762878418,
  "target_will_rain": 0.4655435085296631,
  "target_windspeed_10m_max": 8.503788948059082
}