{
  "target_temperature_2m_max": 22.563995361328125,
  "target_temperature_2m_min": 14.257079124450684,
  "target_temperature_2m_mean": 18.619314193725586,
  "target_will_rain": 0.43924129009246826,
  "target_windspeed_10m_max": 8.531525611877441
}