{
  "target_temperature_2m_max": 21.3926944732666,
  "target_temperature_2m_min": 12.81331729888916,
  "target_temperature_2m_mean": 17.330116271972656,
  "target_will_rain": 0.5260376334190369,
  "target_windspeed_10m_max": 8.998067855834961
}