{
  "target_temperature_2m_max": 19.969240188598633,
  "target_temperature_2m_min": 11.643988609313965,
  "target_temperature_2m_mean": 15.947013854980469,
  "target_will_rain": 0.42521485686302185,
  "target_windspeed_10m_max": 8.65782642364502
}