{
  "target_temperature_2m_max": 24.715482711791992,
  "target_temperature_2m_min": 16.5048770904541,
  "target_temperature_2m_mean": 20.90854263305664,
  "target_will_rain": 0.4584997892379761,
  "target_windspeed_10m_max": 8.456268310546875
}