{
  "target_temperature_2m_max": 21.602787017822266,
  "target_temperature_2m_min": 13.102581024169922,
  "target_temperature_2m_mean": 17.591341018676758,
  "target_will_rain": 0.48755645751953125,
  "target_windspeed_10m_max": 8.938789367675781
}