{
  "target_temperature_2m_max": 21.456430435180664,
  "target_temperature_2m_min": 13.015198707580566,
  "target_temperature_2m_mean": 17.45587921142578,
  "target_will_rain": 0.5355674028396606,
  "target_windspeed_10m_max": 8.828495025634766
}