{
  "target_temperature_2m_max": 21.838417053222656,
  "target_temperature_2m_min": 13.379181861877441,
  "target_temperature_2m_mean": 17.8146915435791,
  "target_will_rain": 0.4634016752243042,
  "target_windspeed_10m_max": 8.818460464477539
}