{
  "target_temperature_2m_max": 24.365087509155273,
  "target_temperature_2m_min": 16.073028564453125,
  "target_temperature_2m_mean": 20.50423812866211,
  "target_will_rain": 0.44713085889816284,
  "target_windspeed_10m_max": 8.492757797241211
}