{
  "target_temperature_2m_max": 24.84754753112793,
  "target_temperature_2m_min": 16.605958938598633,
  "target_temperature_2m_mean": 21.044784545898438,
  "target_will_rain": 0.46660861372947693,
  "target_windspeed_10m_max": 8.508406639099121
}