{
  "target_temperature_2m_max": 17.52165985107422,
  "target_temperature_2m_min": 9.99535846710205,
  "target_temperature_2m_mean": 13.912696838378906,
  "target_will_rain": 0.3458957076072693,
  "target_windspeed_10m_max": 7.55709171295166
}