{
  "target_temperature_2m_max": 21.715866088867188,
  "target_temperature_2m_min": 13.117499351501465,
  "target_temperature_2m_mean": 17.662071228027344,
  "target_will_rain": 0.5383183360099792,
  "target_windspeed_10m_max": 9.039905548095703
}