{
  "target_temperature_2m_max": 16.7021541595459,
  "target_temperature_2m_min": 9.419331550598145,
  "target_temperature_2m_mean": 13.179039001464844,
  "target_will_rain": 0.40079250931739807,
  "target_windspeed_10m_max": 7.504159927368164
}