{
  "target_temperature_2m_max": 23.458744049072266,
  "target_temperature_2m_min": 15.120823860168457,
  "target_temperature_2m_mean": 19.543582916259766,
  "target_will_rain": 0.438590407371521,
  "target_windspeed_10m_max": 8.557345390319824
}