{
  "target_temperature_2m_max": 13.50898551940918,
  "target_temperature_2m_min": 6.607763767242432,
  "target_temperature_2m_mean": 9.954784393310547,
  "target_will_rain": 0.36142078042030334,
  "target_windspeed_10m_max": 7.118779182434082
}