{
  "target_temperature_2m_max": 22.782676696777344,
  "target_temperature_2m_min": 14.25896167755127,
  "target_temperature_2m_mean": 18.7996883392334,
  "target_will_rain": 0.5021557807922363,
  "target_windspeed_10m_max": 8.923672676086426
}