{
  "target_temperature_2m_max": 20.25345230102539,
  "target_temperature_2m_min": 11.89540958404541,
  "target_temperature_2m_mean": 16.228424072265625,
  "target_will_rain": 0.42751073837280273,
  "target_windspeed_10m_max": 8.570249557495117
}