{
  "target_temperature_2m_max": 16.031314849853516,
  "target_temperature_2m_min": 8.806933403015137,
  "target_temperature_2m_mean": 12.454122543334961,
  "target_will_rain": 0.4034591615200043,
  "target_windspeed_10m_max": 7.5665812492370605
}