{
  "target_temperature_2m_max": 22.763282775878906,
  "target_temperature_2m_min": 14.122042655944824,
  "target_temperature_2m_mean": 18.744003295898438,
  "target_will_rain": 0.5357142686843872,
  "target_windspeed_10m_max": 9.15994930267334
}