{
  "target_temperature_2m_max": 19.552875518798828,
  "target_temperature_2m_min": 11.301804542541504,
  "target_temperature_2m_mean": 15.5789794921875,
  "target_will_rain": 0.3891955316066742,
  "target_windspeed_10m_max": 8.328075408935547
}