{
  "target_temperature_2m_max": 19.26897430419922,
  "target_temperature_2m_min": 11.273890495300293,
  "target_temperature_2m_mean": 15.507404327392578,
  "target_will_rain": 0.450291246175766,
  "target_windspeed_10m_max": 8.204554557800293
}