{
  "target_temperature_2m_max": 16.43165397644043,
  "target_temperature_2m_min": 8.999786376953125,
  "target_temperature_2m_mean": 12.781346321105957,
  "target_will_rain": 0.4164414703845978,
  "target_windspeed_10m_max": 7.547297954559326
}