{
  "target_temperature_2m_max": 23.097639083862305,
  "target_temperature_2m_min": 14.60531234741211,
  "target_temperature_2m_mean": 19.088598251342773,
  "target_will_rain": 0.45285341143608093,
  "target_windspeed_10m_max": 8.762755393981934
}