{
  "target_temperature_2m_max": 21.28229522705078,
  "target_temperature_2m_min": 12.752045631408691,
  "target_temperature_2m_mean": 17.260412216186523,
  "target_will_rain": 0.46989092230796814,
  "target_windspeed_10m_max": 8.76742172241211
}