{
  "target_temperature_2m_max": 21.80098533630371,
  "target_temperature_2m_min": 13.255699157714844,
  "target_temperature_2m_mean": 17.800935745239258,
  "target_will_rain": 0.5320718884468079,
  "target_windspeed_10m_max": 9.06808090209961
}