{
  "target_temperature_2m_max": 17.534751892089844,
  "target_temperature_2m_min": 9.928824424743652,
  "target_temperature_2m_mean": 13.870340347290039,
  "target_will_rain": 0.4235858917236328,
  "target_windspeed_10m_max": 7.978218078613281
}