{
  "target_temperature_2m_max": 14.850069999694824,
  "target_temperature_2m_min": 8.036771774291992,
  "target_temperature_2m_mean": 11.470664978027344,
  "target_will_rain": 0.31679609417915344,
  "target_windspeed_10m_max": 6.985594749450684
}