{
  "target_temperature_2m_max": 24.32090950012207,
  "target_temperature_2m_min": 16.104135513305664,
  "target_temperature_2m_mean": 20.49839973449707,
  "target_will_rain": 0.45407187938690186,
  "target_windspeed_10m_max": 8.457140922546387
}