{
  "target_temperature_2m_max": 20.879941940307617,
  "target_temperature_2m_min": 12.431089401245117,
  "target_temperature_2m_mean": 16.88602066040039,
  "target_will_rain": 0.4273950755596161,
  "target_windspeed_10m_max": 8.822588920593262
}