{
  "target_temperature_2m_max": 21.585142135620117,
  "target_temperature_2m_min": 13.184696197509766,
  "target_temperature_2m_mean": 17.551605224609375,
  "target_will_rain": 0.4242252707481384,
  "target_windspeed_10m_max": 8.606046676635742
}