{
  "target_temperature_2m_max": 19.415151596069336,
  "target_temperature_2m_min": 11.246484756469727,
  "target_temperature_2m_mean": 15.514852523803711,
  "target_will_rain": 0.375034898519516,
  "target_windspeed_10m_max": 8.353401184082031
}