{
  "target_temperature_2m_max": 14.152726173400879,
  "target_temperature_2m_min": 7.119846343994141,
  "target_temperature_2m_mean": 10.57786750793457,
  "target_will_rain": 0.3662932217121124,
  "target_windspeed_10m_max": 7.088005542755127
}