{
  "target_temperature_2m_max": 17.334245681762695,
  "target_temperature_2m_min": 9.646350860595703,
  "target_temperature_2m_mean": 13.550612449645996,
  "target_will_rain": 0.38401198387145996,
  "target_windspeed_10m_max": 7.86743688583374
}