{
  "target_temperature_2m_max": 24.298744201660156,
  "target_temperature_2m_min": 15.999289512634277,
  "target_temperature_2m_mean": 20.446739196777344,
  "target_will_rain": 0.47654348611831665,
  "target_windspeed_10m_max": 8.636615753173828
}