{
  "target_temperature_2m_max": 23.55023193359375,
  "target_temperature_2m_min": 15.004300117492676,
  "target_temperature_2m_mean": 19.575237274169922,
  "target_will_rain": 0.5135713219642639,
  "target_windspeed_10m_max": 8.867321968078613
}