{
  "target_temperature_2m_max": 17.786540985107422,
  "target_temperature_2m_min": 9.625125885009766,
  "target_temperature_2m_mean": 13.708956718444824,
  "target_will_rain": 0.3993966579437256,
  "target_windspeed_10m_max": 8.277348518371582
}