{
  "target_temperature_2m_max": 18.990421295166016,
  "target_temperature_2m_min": 10.894295692443848,
  "target_temperature_2m_mean": 15.066940307617188,
  "target_will_rain": 0.38505691289901733,
  "target_windspeed_10m_max": 8.244527816772461
}