{
  "target_temperature_2m_max": 16.694995880126953,
  "target_temperature_2m_min": 9.339345932006836,
  "target_temperature_2m_mean": 13.12587833404541,
  "target_will_rain": 0.32296979427337646,
  "target_windspeed_10m_max": 7.450962066650391
}