{
  "target_temperature_2m_max": 14.377495765686035,
  "target_temperature_2m_min": 7.404701232910156,
  "target_temperature_2m_mean": 10.84224796295166,
  "target_will_rain": 0.44718772172927856,
  "target_windspeed_10m_max": 7.365841865539551
}