{
  "target_temperature_2m_max": 18.49668312072754,
  "target_temperature_2m_min": 10.617331504821777,
  "target_temperature_2m_mean": 14.7562837600708,
  "target_will_rain": 0.4395749270915985,
  "target_windspeed_10m_max": 8.083907127380371
}