{
  "target_temperature_2m_max": 21.95315170288086,
  "target_temperature_2m_min": 13.335408210754395,
  "target_temperature_2m_mean": 17.928110122680664,
  "target_will_rain": 0.5071783661842346,
  "target_windspeed_10m_max": 8.967398643493652
}