{
  "target_temperature_2m_max": 14.171170234680176,
  "target_temperature_2m_min": 7.186978816986084,
  "target_temperature_2m_mean": 10.62621021270752,
  "target_will_rain": 0.4582289457321167,
  "target_windspeed_10m_max": 7.508831977844238
}