{
  "target_temperature_2m_max": 18.747314453125,
  "target_temperature_2m_min": 10.484864234924316,
  "target_temperature_2m_mean": 14.711639404296875,
  "target_will_rain": 0.4121277928352356,
  "target_windspeed_10m_max": 8.318111419677734
}