{
  "target_temperature_2m_max": 19.692081451416016,
  "target_temperature_2m_min": 11.688582420349121,
  "target_temperature_2m_mean": 15.933856964111328,
  "target_will_rain": 0.47199755907058716,
  "target_windspeed_10m_max": 8.598223686218262
}