{
  "target_temperature_2m_max": 21.507808685302734,
  "target_temperature_2m_min": 12.895795822143555,
  "target_temperature_2m_mean": 17.430667877197266,
  "target_will_rain": 0.4426444470882416,
  "target_windspeed_10m_max": 9.013819694519043
}