{
  "target_temperature_2m_max": 22.426559448242188,
  "target_temperature_2m_min": 14.047249794006348,
  "target_temperature_2m_mean": 18.499473571777344,
  "target_will_rain": 0.4929548501968384,
  "target_windspeed_10m_max": 8.656597137451172
}