{
  "target_temperature_2m_max": 18.755386352539062,
  "target_temperature_2m_min": 10.878632545471191,
  "target_temperature_2m_mean": 14.997808456420898,
  "target_will_rain": 0.43436306715011597,
  "target_windspeed_10m_max": 8.2371187210083
}