{
  "target_temperature_2m_max": 22.318485260009766,
  "target_temperature_2m_min": 13.803683280944824,
  "target_temperature_2m_mean": 18.32709503173828,
  "target_will_rain": 0.5389387607574463,
  "target_windspeed_10m_max": 8.914237022399902
}