{
  "target_temperature_2m_max": 22.069286346435547,
  "target_temperature_2m_min": 13.450960159301758,
  "target_temperature_2m_mean": 18.034374237060547,
  "target_will_rain": 0.5442349910736084,
  "target_windspeed_10m_max": 9.035128593444824
}