{
  "target_temperature_2m_max": 14.165367126464844,
  "target_temperature_2m_min": 7.232346534729004,
  "target_temperature_2m_mean": 10.695308685302734,
  "target_will_rain": 0.4006262421607971,
  "target_windspeed_10m_max": 7.301123142242432
}