{
  "target_temperature_2m_max": 21.724945068359375,
  "target_temperature_2m_min": 13.262648582458496,
  "target_temperature_2m_mean": 17.724916458129883,
  "target_will_rain": 0.4575537443161011,
  "target_windspeed_10m_max": 8.798958778381348
}