{
  "target_temperature_2m_max": 21.41583824157715,
  "target_temperature_2m_min": 12.98198127746582,
  "target_temperature_2m_mean": 17.473648071289062,
  "target_will_rain": 0.48900747299194336,
  "target_windspeed_10m_max": 8.918021202087402
}