{
  "target_temperature_2m_max": 24.822803497314453,
  "target_temperature_2m_min": 16.59681510925293,
  "target_temperature_2m_mean": 21.012958526611328,
  "target_will_rain": 0.4608669579029083,
  "target_windspeed_10m_max": 8.484919548034668
}