{
  "target_temperature_2m_max": 24.370771408081055,
  "target_temperature_2m_min": 16.137523651123047,
  "target_temperature_2m_mean": 20.54385757446289,
  "target_will_rain": 0.4678398370742798,
  "target_windspeed_10m_max": 8.528698921203613
}