{
  "target_temperature_2m_max": 15.1729097366333,
  "target_temperature_2m_min": 7.824559211730957,
  "target_temperature_2m_mean": 11.4210205078125,
  "target_will_rain": 0.44877713918685913,
  "target_windspeed_10m_max": 7.73163366317749
}