{
  "target_temperature_2m_max": 21.519947052001953,
  "target_temperature_2m_min": 13.109944343566895,
  "target_temperature_2m_mean": 17.560518264770508,
  "target_will_rain": 0.4791698753833771,
  "target_windspeed_10m_max": 8.759017944335938
}