{
  "target_temperature_2m_max": 18.542644500732422,
  "target_temperature_2m_min": 10.444008827209473,
  "target_temperature_2m_mean": 14.580194473266602,
  "target_will_rain": 0.34156227111816406,
  "target_windspeed_10m_max": 8.231396675109863
}