{
  "target_temperature_2m_max": 20.816917419433594,
  "target_temperature_2m_min": 12.409716606140137,
  "target_temperature_2m_mean": 16.818927764892578,
  "target_will_rain": 0.44993555545806885,
  "target_windspeed_10m_max": 8.764082908630371
}