{
  "target_temperature_2m_max": 23.149141311645508,
  "target_temperature_2m_min": 14.588215827941895,
  "target_temperature_2m_mean": 19.161792755126953,
  "target_will_rain": 0.5031307339668274,
  "target_windspeed_10m_max": 8.982481002807617
}