{
  "target_temperature_2m_max": 15.307719230651855,
  "target_temperature_2m_min": 8.120232582092285,
  "target_temperature_2m_mean": 11.72999095916748,
  "target_will_rain": 0.41953226923942566,
  "target_windspeed_10m_max": 7.346816062927246
}