{
  "target_temperature_2m_max": 16.268329620361328,
  "target_temperature_2m_min": 8.79499340057373,
  "target_temperature_2m_mean": 12.52975845336914,
  "target_will_rain": 0.40458184480667114,
  "target_windspeed_10m_max": 7.854299545288086
}