{
  "target_temperature_2m_max": 20.04145050048828,
  "target_temperature_2m_min": 12.025788307189941,
  "target_temperature_2m_mean": 16.274246215820312,
  "target_will_rain": 0.42356133460998535,
  "target_windspeed_10m_max": 8.378850936889648
}