{
  "target_temperature_2m_max": 21.33147430419922,
  "target_temperature_2m_min": 12.881546974182129,
  "target_temperature_2m_mean": 17.349498748779297,
  "target_will_rain": 0.5022619366645813,
  "target_windspeed_10m_max": 8.897275924682617
}