{
  "target_temperature_2m_max": 16.526134490966797,
  "target_temperature_2m_min": 9.141070365905762,
  "target_temperature_2m_mean": 12.896355628967285,
  "target_will_rain": 0.34036755561828613,
  "target_windspeed_10m_max": 7.412293434143066
}