{
  "target_temperature_2m_max": 21.13390350341797,
  "target_temperature_2m_min": 12.68382740020752,
  "target_temperature_2m_mean": 17.132518768310547,
  "target_will_rain": 0.4828963279724121,
  "target_windspeed_10m_max": 8.925972938537598
}