{
  "target_temperature_2m_max": 11.583548545837402,
  "target_temperature_2m_min": 5.469522476196289,
  "target_temperature_2m_mean": 8.413032531738281,
  "target_will_rain": 0.35382381081581116,
  "target_windspeed_10m_max": 6.3640522956848145
}