{
  "target_temperature_2m_max": 24.927322387695312,
  "target_temperature_2m_min": 16.69083023071289,
  "target_temperature_2m_mean": 21.12832260131836,
  "target_will_rain": 0.4697345793247223,
  "target_windspeed_10m_max": 8.513866424560547
}