{
  "target_temperature_2m_max": 18.691879272460938,
  "target_temperature_2m_min": 10.900923728942871,
  "target_temperature_2m_mean": 15.007305145263672,
  "target_will_rain": 0.4540668725967407,
  "target_windspeed_10m_max": 8.394765853881836
}