{
  "target_temperature_2m_max": 23.09635353088379,
  "target_temperature_2m_min": 15.489155769348145,
  "target_temperature_2m_mean": 19.4401798248291,
  "target_will_rain": 0.34112250804901123,
  "target_windspeed_10m_max": 12.528840065002441
}