{
  "target_temperature_2m_max": 22.822193145751953,
  "target_temperature_2m_min": 15.367721557617188,
  "target_temperature_2m_mean": 19.242809295654297,
  "target_will_rain": 0.3485561013221741,
  "target_windspeed_10m_max": 12.163034439086914
}