{
  "target_temperature_2m_max": 19.41269302368164,
  "target_temperature_2m_min": 11.730949401855469,
  "target_temperature_2m_mean": 15.79053783416748,
  "target_will_rain": 0.4007282257080078,
  "target_windspeed_10m_max": 13.280312538146973
}