{
  "target_temperature_2m_max": 14.190479278564453,
  "target_temperature_2m_min": 7.068536281585693,
  "target_temperature_2m_mean": 10.659701347351074,
  "target_will_rain": 0.48997002840042114,
  "target_windspeed_10m_max": 13.151128768920898
}