{
  "target_temperature_2m_max": 16.239662170410156,
  "target_temperature_2m_min": 9.681341171264648,
  "target_temperature_2m_mean": 13.145153045654297,
  "target_will_rain": 0.33764004707336426,
  "target_windspeed_10m_max": 10.640591621398926
}