{
  "target_temperature_2m_max": 20.534631729125977,
  "target_temperature_2m_min": 13.11446475982666,
  "target_temperature_2m_mean": 16.996883392333984,
  "target_will_rain": 0.37142497301101685,
  "target_windspeed_10m_max": 12.897326469421387
}