{
  "target_temperature_2m_max": 7.064630508422852,
  "target_temperature_2m_min": 2.8014678955078125,
  "target_temperature_2m_mean": 4.810424327850342,
  "target_will_rain": 0.2661932706832886,
  "target_windspeed_10m_max": 7.822954177856445
}