{
  "target_temperature_2m_max": 19.76849937438965,
  "target_temperature_2m_min": 11.840410232543945,
  "target_temperature_2m_mean": 16.051090240478516,
  "target_will_rain": 0.44199514389038086,
  "target_windspeed_10m_max": 13.707778930664062
}