{
  "target_temperature_2m_max": 17.6933536529541,
  "target_temperature_2m_min": 10.791812896728516,
  "target_temperature_2m_mean": 14.494009017944336,
  "target_will_rain": 0.38551777601242065,
  "target_windspeed_10m_max": 11.018120765686035
}