{
  "target_temperature_2m_max": 22.086673736572266,
  "target_temperature_2m_min": 14.71647834777832,
  "target_temperature_2m_mean": 18.523836135864258,
  "target_will_rain": 0.3724009394645691,
  "target_windspeed_10m_max": 11.997049331665039
}