{
  "target_temperature_2m_max": 17.543563842773438,
  "target_temperature_2m_min": 9.983747482299805,
  "target_temperature_2m_mean": 13.872392654418945,
  "target_will_rain": 0.4687880277633667,
  "target_windspeed_10m_max": 13.496291160583496
}