{
  "target_temperature_2m_max": 21.08024787902832,
  "target_temperature_2m_min": 13.189064979553223,
  "target_temperature_2m_mean": 17.34311294555664,
  "target_will_rain": 0.426363468170166,
  "target_windspeed_10m_max": 13.739115715026855
}