{
  "target_temperature_2m_max": 20.892677307128906,
  "target_temperature_2m_min": 13.241264343261719,
  "target_temperature_2m_mean": 17.264699935913086,
  "target_will_rain": 0.3871042728424072,
  "target_windspeed_10m_max": 13.256264686584473
}