{
  "target_temperature_2m_max": 22.348587036132812,
  "target_temperature_2m_min": 14.856042861938477,
  "target_temperature_2m_mean": 18.76067352294922,
  "target_will_rain": 0.3910027742385864,
  "target_windspeed_10m_max": 12.409409523010254
}