{
  "target_temperature_2m_max": 13.665546417236328,
  "target_temperature_2m_min": 7.1314616203308105,
  "target_temperature_2m_mean": 10.480314254760742,
  "target_will_rain": 0.3544430732727051,
  "target_windspeed_10m_max": 11.179278373718262
}