{
  "target_temperature_2m_max": 18.06043243408203,
  "target_temperature_2m_min": 10.372818946838379,
  "target_temperature_2m_mean": 14.51885986328125,
  "target_will_rain": 0.2793981432914734,
  "target_windspeed_10m_max": 12.906100273132324
}