{
  "target_temperature_2m_max": 21.79165267944336,
  "target_temperature_2m_min": 14.635631561279297,
  "target_temperature_2m_mean": 18.32355308532715,
  "target_will_rain": 0.33802151679992676,
  "target_windspeed_10m_max": 11.782607078552246
}