{
  "target_temperature_2m_max": 18.296581268310547,
  "target_temperature_2m_min": 10.341912269592285,
  "target_temperature_2m_mean": 14.50322151184082,
  "target_will_rain": 0.5048722624778748,
  "target_windspeed_10m_max": 14.207906723022461
}