{
  "target_temperature_2m_max": 18.939727783203125,
  "target_temperature_2m_min": 10.857917785644531,
  "target_temperature_2m_mean": 15.064067840576172,
  "target_will_rain": 0.5188280940055847,
  "target_windspeed_10m_max": 14.895709991455078
}