{
  "target_temperature_2m_max": 22.411041259765625,
  "target_temperature_2m_min": 14.75129222869873,
  "target_temperature_2m_mean": 18.75075912475586,
  "target_will_rain": 0.3743101954460144,
  "target_windspeed_10m_max": 12.476824760437012
}