{
  "target_temperature_2m_max": 14.722536087036133,
  "target_temperature_2m_min": 7.3301873207092285,
  "target_temperature_2m_mean": 11.138568878173828,
  "target_will_rain": 0.5873478651046753,
  "target_windspeed_10m_max": 14.242551803588867
}