{
  "target_temperature_2m_max": 14.95014762878418,
  "target_temperature_2m_min": 7.4679999351501465,
  "target_temperature_2m_mean": 11.351888656616211,
  "target_will_rain": 0.37195128202438354,
  "target_windspeed_10m_max": 14.077771186828613
}