{
  "target_temperature_2m_max": 18.787139892578125,
  "target_temperature_2m_min": 10.934615135192871,
  "target_temperature_2m_mean": 15.104674339294434,
  "target_will_rain": 0.492695689201355,
  "target_windspeed_10m_max": 13.71983814239502
}