{
  "target_temperature_2m_max": 23.433719635009766,
  "target_temperature_2m_min": 15.834917068481445,
  "target_temperature_2m_mean": 19.76927947998047,
  "target_will_rain": 0.3510178327560425,
  "target_windspeed_10m_max": 12.505362510681152
}