{
  "target_temperature_2m_max": 10.051177024841309,
  "target_temperature_2m_min": 4.642244815826416,
  "target_temperature_2m_mean": 7.29497766494751,
  "target_will_rain": 0.449701189994812,
  "target_windspeed_10m_max": 10.895170211791992
}