{
  "target_temperature_2m_max": 20.685890197753906,
  "target_temperature_2m_min": 13.050882339477539,
  "target_temperature_2m_mean": 17.03666114807129,
  "target_will_rain": 0.34080082178115845,
  "target_windspeed_10m_max": 12.563557624816895
}