{
  "target_temperature_2m_max": 16.25592803955078,
  "target_temperature_2m_min": 9.287303924560547,
  "target_temperature_2m_mean": 12.952733993530273,
  "target_will_rain": 0.3938889503479004,
  "target_windspeed_10m_max": 11.539037704467773
}