{
  "target_temperature_2m_max": 12.409822463989258,
  "target_temperature_2m_min": 5.5837507247924805,
  "target_temperature_2m_mean": 9.03767204284668,
  "target_will_rain": 0.5247681736946106,
  "target_windspeed_10m_max": 13.055541038513184
}