{
  "target_temperature_2m_max": 15.429828643798828,
  "target_temperature_2m_min": 7.995082378387451,
  "target_temperature_2m_mean": 11.855132102966309,
  "target_will_rain": 0.5482379794120789,
  "target_windspeed_10m_max": 13.700271606445312
}