{
  "target_temperature_2m_max": 20.716663360595703,
  "target_temperature_2m_min": 13.087898254394531,
  "target_temperature_2m_mean": 17.082767486572266,
  "target_will_rain": 0.4084710478782654,
  "target_windspeed_10m_max": 13.36531925201416
}