{
  "target_temperature_2m_max": 10.733804702758789,
  "target_temperature_2m_min": 5.241044044494629,
  "target_temperature_2m_mean": 8.040556907653809,
  "target_will_rain": 0.28025174140930176,
  "target_windspeed_10m_max": 10.388559341430664
}