{
  "target_temperature_2m_max": 19.130239486694336,
  "target_temperature_2m_min": 12.235569953918457,
  "target_temperature_2m_mean": 15.922612190246582,
  "target_will_rain": 0.31852442026138306,
  "target_windspeed_10m_max": 11.007888793945312
}