{
  "target_temperature_2m_max": 19.84503173828125,
  "target_temperature_2m_min": 11.679906845092773,
  "target_temperature_2m_mean": 16.165489196777344,
  "target_will_rain": 0.4161732792854309,
  "target_windspeed_10m_max": 14.418919563293457
}