{
  "target_temperature_2m_max": 22.09616470336914,
  "target_temperature_2m_min": 14.54248332977295,
  "target_temperature_2m_mean": 18.538249969482422,
  "target_will_rain": 0.3012906312942505,
  "target_windspeed_10m_max": 12.366744041442871
}