{
  "target_temperature_2m_max": 9.913599014282227,
  "target_temperature_2m_min": 5.103072643280029,
  "target_temperature_2m_mean": 7.432502269744873,
  "target_will_rain": 0.3033562898635864,
  "target_windspeed_10m_max": 8.097987174987793
}