{
  "target_temperature_2m_max": 19.109045028686523,
  "target_temperature_2m_min": 12.23691177368164,
  "target_temperature_2m_mean": 15.88545036315918,
  "target_will_rain": 0.3688090443611145,
  "target_windspeed_10m_max": 11.064871788024902
}