{
  "target_temperature_2m_max": 20.253450393676758,
  "target_temperature_2m_min": 12.222017288208008,
  "target_temperature_2m_mean": 16.54793930053711,
  "target_will_rain": 0.4293743968009949,
  "target_windspeed_10m_max": 14.051924705505371
}