{
  "target_temperature_2m_max": 11.844033241271973,
  "target_temperature_2m_min": 6.3212785720825195,
  "target_temperature_2m_mean": 9.052927017211914,
  "target_will_rain": 0.26074111461639404,
  "target_windspeed_10m_max": 9.046684265136719
}