{
  "target_temperature_2m_max": 18.1400089263916,
  "target_temperature_2m_min": 10.49677848815918,
  "target_temperature_2m_mean": 14.410259246826172,
  "target_will_rain": 0.47683775424957275,
  "target_windspeed_10m_max": 13.90894889831543
}