{
  "target_temperature_2m_max": 21.488130569458008,
  "target_temperature_2m_min": 13.745180130004883,
  "target_temperature_2m_mean": 17.835203170776367,
  "target_will_rain": 0.38203632831573486,
  "target_windspeed_10m_max": 13.21330738067627
}