{
  "target_temperature_2m_max": 20.286334991455078,
  "target_temperature_2m_min": 12.363441467285156,
  "target_temperature_2m_mean": 16.584091186523438,
  "target_will_rain": 0.4683627486228943,
  "target_windspeed_10m_max": 13.232382774353027
}