{
  "target_temperature_2m_max": 19.147647857666016,
  "target_temperature_2m_min": 11.135102272033691,
  "target_temperature_2m_mean": 15.42577838897705,
  "target_will_rain": 0.46171873807907104,
  "target_windspeed_10m_max": 14.185321807861328
}