{
  "target_temperature_2m_max": 16.157493591308594,
  "target_temperature_2m_min": 8.47930908203125,
  "target_temperature_2m_mean": 12.450040817260742,
  "target_will_rain": 0.484261691570282,
  "target_windspeed_10m_max": 13.675025939941406
}