{
  "target_temperature_2m_max": 12.351322174072266,
  "target_temperature_2m_min": 6.7691569328308105,
  "target_temperature_2m_mean": 9.520369529724121,
  "target_will_rain": 0.3344584107398987,
  "target_windspeed_10m_max": 9.456143379211426
}