{
  "target_temperature_2m_max": 17.617202758789062,
  "target_temperature_2m_min": 9.50450611114502,
  "target_temperature_2m_mean": 13.77379322052002,
  "target_will_rain": 0.576030969619751,
  "target_windspeed_10m_max": 14.528922080993652
}