{
  "target_temperature_2m_max": 14.845304489135742,
  "target_temperature_2m_min": 7.295114517211914,
  "target_temperature_2m_mean": 11.183406829833984,
  "target_will_rain": 0.5037301182746887,
  "target_windspeed_10m_max": 13.900324821472168
}