{
  "target_temperature_2m_max": 14.635404586791992,
  "target_temperature_2m_min": 7.074215888977051,
  "target_temperature_2m_mean": 11.02072811126709,
  "target_will_rain": 0.3771246671676636,
  "target_windspeed_10m_max": 14.139315605163574
}