{
  "target_temperature_2m_max": 19.545066833496094,
  "target_temperature_2m_min": 11.978668212890625,
  "target_temperature_2m_mean": 15.88100814819336,
  "target_will_rain": 0.44122058153152466,
  "target_windspeed_10m_max": 13.587163925170898
}