{
  "target_temperature_2m_max": 6.638445854187012,
  "target_temperature_2m_min": 2.726635456085205,
  "target_temperature_2m_mean": 4.634864330291748,
  "target_will_rain": 0.2691226601600647,
  "target_windspeed_10m_max": 7.780294895172119
}