{
  "target_temperature_2m_max": 13.88851261138916,
  "target_temperature_2m_min": 6.400906085968018,
  "target_temperature_2m_mean": 10.16424560546875,
  "target_will_rain": 0.6121218204498291,
  "target_windspeed_10m_max": 14.17715835571289
}