{
  "target_temperature_2m_max": 21.345287322998047,
  "target_temperature_2m_min": 13.954225540161133,
  "target_temperature_2m_mean": 17.851608276367188,
  "target_will_rain": 0.4610198736190796,
  "target_windspeed_10m_max": 11.935701370239258
}