{
  "target_temperature_2m_max": 23.184505462646484,
  "target_temperature_2m_min": 15.606562614440918,
  "target_temperature_2m_mean": 19.538738250732422,
  "target_will_rain": 0.3677176237106323,
  "target_windspeed_10m_max": 12.43531608581543
}