{
  "target_temperature_2m_max": 11.876876831054688,
  "target_temperature_2m_min": 5.202982425689697,
  "target_temperature_2m_mean": 8.556546211242676,
  "target_will_rain": 0.5009512305259705,
  "target_windspeed_10m_max": 13.236592292785645
}