{
  "target_temperature_2m_max": 22.137134552001953,
  "target_temperature_2m_min": 14.550775527954102,
  "target_temperature_2m_mean": 18.522098541259766,
  "target_will_rain": 0.3718184232711792,
  "target_windspeed_10m_max": 12.435076713562012
}