{
  "target_temperature_2m_max": 19.623323440551758,
  "target_temperature_2m_min": 12.41041374206543,
  "target_temperature_2m_mean": 16.227825164794922,
  "target_will_rain": 0.4126530885696411,
  "target_windspeed_10m_max": 11.388136863708496
}