{
  "target_temperature_2m_max": 21.817310333251953,
  "target_temperature_2m_min": 14.397258758544922,
  "target_temperature_2m_mean": 18.27310562133789,
  "target_will_rain": 0.3282369375228882,
  "target_windspeed_10m_max": 12.287823677062988
}