{
  "target_temperature_2m_max": 20.276016235351562,
  "target_temperature_2m_min": 12.519068717956543,
  "target_temperature_2m_mean": 16.573101043701172,
  "target_will_rain": 0.438046395778656,
  "target_windspeed_10m_max": 13.156340599060059
}