{
  "target_temperature_2m_max": 12.793632507324219,
  "target_temperature_2m_min": 6.054966926574707,
  "target_temperature_2m_mean": 9.462499618530273,
  "target_will_rain": 0.5154740810394287,
  "target_windspeed_10m_max": 13.565155029296875
}