{
  "target_temperature_2m_max": 22.9143123626709,
  "target_temperature_2m_min": 15.268775939941406,
  "target_temperature_2m_mean": 19.25515365600586,
  "target_will_rain": 0.33536219596862793,
  "target_windspeed_10m_max": 12.563752174377441
}