{
  "target_temperature_2m_max": 20.706270217895508,
  "target_temperature_2m_min": 12.92475700378418,
  "target_temperature_2m_mean": 17.06035804748535,
  "target_will_rain": 0.41260379552841187,
  "target_windspeed_10m_max": 13.387293815612793
}