{
  "target_temperature_2m_max": 15.724973678588867,
  "target_temperature_2m_min": 8.792187690734863,
  "target_temperature_2m_mean": 12.271875381469727,
  "target_will_rain": 0.4856276512145996,
  "target_windspeed_10m_max": 12.537105560302734
}