{
  "target_temperature_2m_max": 20.980777740478516,
  "target_temperature_2m_min": 9.85395622253418,
  "target_temperature_2m_mean": 15.514251708984375,
  "target_will_rain": 0.5921239852905273,
  "target_windspeed_10m_max": 7.353835105895996
}