{
  "target_temperature_2m_max": 18.325454711914062,
  "target_temperature_2m_min": 7.20609712600708,
  "target_temperature_2m_mean": 12.889904022216797,
  "target_will_rain": 0.5746636986732483,
  "target_windspeed_10m_max": 7.525511264801025
}