{
  "target_temperature_2m_max": 15.970588684082031,
  "target_temperature_2m_min": 6.3091888427734375,
  "target_temperature_2m_mean": 11.223939895629883,
  "target_will_rain": 0.6269196271896362,
  "target_windspeed_10m_max": 6.748391151428223
}