{
  "target_temperature_2m_max": 20.929338455200195,
  "target_temperature_2m_min": 9.690006256103516,
  "target_temperature_2m_mean": 15.413581848144531,
  "target_will_rain": 0.6565843820571899,
  "target_windspeed_10m_max": 7.530436038970947
}