{
  "target_temperature_2m_max": 25.183551788330078,
  "target_temperature_2m_min": 15.48343563079834,
  "target_temperature_2m_mean": 20.50876235961914,
  "target_will_rain": 0.37468722462654114,
  "target_windspeed_10m_max": 6.428896903991699
}