{
  "target_temperature_2m_max": 12.621109008789062,
  "target_temperature_2m_min": 3.326063632965088,
  "target_temperature_2m_mean": 8.091525077819824,
  "target_will_rain": 0.439473420381546,
  "target_windspeed_10m_max": 6.403924942016602
}