{
  "target_temperature_2m_max": 19.368640899658203,
  "target_temperature_2m_min": 7.978672027587891,
  "target_temperature_2m_mean": 13.748001098632812,
  "target_will_rain": 0.5677133798599243,
  "target_windspeed_10m_max": 7.682929039001465
}