{
  "target_temperature_2m_max": 19.292316436767578,
  "target_temperature_2m_min": 8.067765235900879,
  "target_temperature_2m_mean": 13.789698600769043,
  "target_will_rain": 0.6034176349639893,
  "target_windspeed_10m_max": 7.680906772613525
}