{
  "target_temperature_2m_max": 24.782550811767578,
  "target_temperature_2m_min": 14.987836837768555,
  "target_temperature_2m_mean": 20.061487197875977,
  "target_will_rain": 0.3881833851337433,
  "target_windspeed_10m_max": 6.511231899261475
}