{
  "target_temperature_2m_max": 18.78411865234375,
  "target_temperature_2m_min": 7.591320991516113,
  "target_temperature_2m_mean": 13.319478988647461,
  "target_will_rain": 0.6404327154159546,
  "target_windspeed_10m_max": 7.690664291381836
}