{
  "target_temperature_2m_max": 17.2471981048584,
  "target_temperature_2m_min": 6.3203020095825195,
  "target_temperature_2m_mean": 11.907075881958008,
  "target_will_rain": 0.5799065828323364,
  "target_windspeed_10m_max": 7.427611827850342
}