{
  "target_temperature_2m_max": 25.030357360839844,
  "target_temperature_2m_min": 15.322992324829102,
  "target_temperature_2m_mean": 20.344642639160156,
  "target_will_rain": 0.37731099128723145,
  "target_windspeed_10m_max": 6.451050281524658
}