{
  "target_temperature_2m_max": 20.437938690185547,
  "target_temperature_2m_min": 9.149489402770996,
  "target_temperature_2m_mean": 14.907159805297852,
  "target_will_rain": 0.625700831413269,
  "target_windspeed_10m_max": 7.782029628753662
}