{
  "target_temperature_2m_max": 13.482915878295898,
  "target_temperature_2m_min": 3.4497196674346924,
  "target_temperature_2m_mean": 8.557967185974121,
  "target_will_rain": 0.4782073199748993,
  "target_windspeed_10m_max": 6.713819980621338
}