{
  "target_temperature_2m_max": 14.164999008178711,
  "target_temperature_2m_min": 5.362271308898926,
  "target_temperature_2m_mean": 9.742304801940918,
  "target_will_rain": 0.3242454528808594,
  "target_windspeed_10m_max": 6.013279914855957
}