{
  "target_temperature_2m_max": 18.69275665283203,
  "target_temperature_2m_min": 7.38436222076416,
  "target_temperature_2m_mean": 13.08327865600586,
  "target_will_rain": 0.5359732508659363,
  "target_windspeed_10m_max": 7.5276780128479
}