{
  "target_temperature_2m_max": 10.510321617126465,
  "target_temperature_2m_min": 1.8030730485916138,
  "target_temperature_2m_mean": 6.358369827270508,
  "target_will_rain": 0.38927918672561646,
  "target_windspeed_10m_max": 6.30422306060791
}