{
  "target_temperature_2m_max": 22.816930770874023,
  "target_temperature_2m_min": 12.274354934692383,
  "target_temperature_2m_mean": 17.666889190673828,
  "target_will_rain": 0.5329502820968628,
  "target_windspeed_10m_max": 6.894177436828613
}