{
  "target_temperature_2m_max": 18.86526870727539,
  "target_temperature_2m_min": 7.612447738647461,
  "target_temperature_2m_mean": 13.335966110229492,
  "target_will_rain": 0.571832537651062,
  "target_windspeed_10m_max": 7.681178092956543
}