{
  "target_temperature_2m_max": 18.34436798095703,
  "target_temperature_2m_min": 7.234286308288574,
  "target_temperature_2m_mean": 12.885293960571289,
  "target_will_rain": 0.5850471258163452,
  "target_windspeed_10m_max": 7.605413436889648
}