{
  "target_temperature_2m_max": 19.168432235717773,
  "target_temperature_2m_min": 7.886431694030762,
  "target_temperature_2m_mean": 13.61776065826416,
  "target_will_rain": 0.5552743673324585,
  "target_windspeed_10m_max": 7.629037857055664
}