{
  "target_temperature_2m_max": 15.978521347045898,
  "target_temperature_2m_min": 5.270516395568848,
  "target_temperature_2m_mean": 10.730031967163086,
  "target_will_rain": 0.5367053747177124,
  "target_windspeed_10m_max": 7.208581924438477
}