{
  "target_temperature_2m_max": 24.811565399169922,
  "target_temperature_2m_min": 15.045242309570312,
  "target_temperature_2m_mean": 20.134510040283203,
  "target_will_rain": 0.4232479929924011,
  "target_windspeed_10m_max": 6.436254978179932
}