{
  "target_temperature_2m_max": 18.437850952148438,
  "target_temperature_2m_min": 7.209847450256348,
  "target_temperature_2m_mean": 12.965500831604004,
  "target_will_rain": 0.5702811479568481,
  "target_windspeed_10m_max": 7.630849361419678
}