{
  "target_temperature_2m_max": 25.291030883789062,
  "target_temperature_2m_min": 15.592148780822754,
  "target_temperature_2m_mean": 20.606773376464844,
  "target_will_rain": 0.37156665325164795,
  "target_windspeed_10m_max": 6.439815521240234
}