{
  "target_temperature_2m_max": 25.095277786254883,
  "target_temperature_2m_min": 15.404999732971191,
  "target_temperature_2m_mean": 20.414915084838867,
  "target_will_rain": 0.3763841688632965,
  "target_windspeed_10m_max": 6.415441036224365
}