{
  "target_temperature_2m_max": 18.785348892211914,
  "target_temperature_2m_min": 7.607139587402344,
  "target_temperature_2m_mean": 13.254048347473145,
  "target_will_rain": 0.5762370824813843,
  "target_windspeed_10m_max": 7.503102779388428
}