{
  "target_temperature_2m_max": 19.71973419189453,
  "target_temperature_2m_min": 8.416111946105957,
  "target_temperature_2m_mean": 14.114824295043945,
  "target_will_rain": 0.5771457552909851,
  "target_windspeed_10m_max": 7.511556625366211
}