{
  "target_temperature_2m_max": 20.9781551361084,
  "target_temperature_2m_min": 9.848569869995117,
  "target_temperature_2m_mean": 15.500937461853027,
  "target_will_rain": 0.5726901888847351,
  "target_windspeed_10m_max": 7.338955879211426
}