{
  "target_temperature_2m_max": 21.58213996887207,
  "target_temperature_2m_min": 10.26214599609375,
  "target_temperature_2m_mean": 16.01900863647461,
  "target_will_rain": 0.6222455501556396,
  "target_windspeed_10m_max": 7.716142654418945
}