{
  "target_temperature_2m_max": 10.509265899658203,
  "target_temperature_2m_min": 1.8024762868881226,
  "target_temperature_2m_mean": 6.357566833496094,
  "target_will_rain": 0.3893061876296997,
  "target_windspeed_10m_max": 6.303892612457275
}