{
  "target_temperature_2m_max": 16.388811111450195,
  "target_temperature_2m_min": 5.8683953285217285,
  "target_temperature_2m_mean": 11.287413597106934,
  "target_will_rain": 0.6180474758148193,
  "target_windspeed_10m_max": 7.2269744873046875
}