{
  "target_temperature_2m_max": 25.206783294677734,
  "target_temperature_2m_min": 15.531438827514648,
  "target_temperature_2m_mean": 20.542442321777344,
  "target_will_rain": 0.37930548191070557,
  "target_windspeed_10m_max": 6.419943809509277
}