{
  "target_temperature_2m_max": 15.579126358032227,
  "target_temperature_2m_min": 5.219484329223633,
  "target_temperature_2m_mean": 10.601155281066895,
  "target_will_rain": 0.5868669748306274,
  "target_windspeed_10m_max": 7.2076945304870605
}