{
  "target_temperature_2m_max": 18.104829788208008,
  "target_temperature_2m_min": 6.9316864013671875,
  "target_temperature_2m_mean": 12.589383125305176,
  "target_will_rain": 0.5684758424758911,
  "target_windspeed_10m_max": 7.437315464019775
}