{
  "target_temperature_2m_max": 19.21933364868164,
  "target_temperature_2m_min": 7.969147682189941,
  "target_temperature_2m_mean": 13.683113098144531,
  "target_will_rain": 0.5992603302001953,
  "target_windspeed_10m_max": 7.631167411804199
}