{
  "target_temperature_2m_max": 24.958160400390625,
  "target_temperature_2m_min": 15.196945190429688,
  "target_temperature_2m_mean": 20.28856658935547,
  "target_will_rain": 0.4077657461166382,
  "target_windspeed_10m_max": 6.443679332733154
}