{
  "target_temperature_2m_max": 19.602497100830078,
  "target_temperature_2m_min": 8.321252822875977,
  "target_temperature_2m_mean": 14.002227783203125,
  "target_will_rain": 0.5867122411727905,
  "target_windspeed_10m_max": 7.489266395568848
}