{
  "target_temperature_2m_max": 19.5057373046875,
  "target_temperature_2m_min": 8.256671905517578,
  "target_temperature_2m_mean": 13.964340209960938,
  "target_will_rain": 0.5866590142250061,
  "target_windspeed_10m_max": 7.611769199371338
}