{
  "target_temperature_2m_max": 11.152019500732422,
  "target_temperature_2m_min": 2.8766825199127197,
  "target_temperature_2m_mean": 7.126501083374023,
  "target_will_rain": 0.556059718132019,
  "target_windspeed_10m_max": 6.3132500648498535
}