{
  "target_temperature_2m_max": 16.968242645263672,
  "target_temperature_2m_min": 6.221451759338379,
  "target_temperature_2m_mean": 11.671836853027344,
  "target_will_rain": 0.5426844954490662,
  "target_windspeed_10m_max": 7.268237590789795
}