{
  "target_temperature_2m_max": 23.962623596191406,
  "target_temperature_2m_min": 13.813562393188477,
  "target_temperature_2m_mean": 19.124496459960938,
  "target_will_rain": 0.4656955301761627,
  "target_windspeed_10m_max": 6.659794330596924
}