{
  "target_temperature_2m_max": 25.160274505615234,
  "target_temperature_2m_min": 15.453409194946289,
  "target_temperature_2m_mean": 20.48440933227539,
  "target_will_rain": 0.3752516806125641,
  "target_windspeed_10m_max": 6.433961391448975
}