{
  "target_temperature_2m_max": 17.127805709838867,
  "target_temperature_2m_min": 6.21767520904541,
  "target_temperature_2m_mean": 11.782012939453125,
  "target_will_rain": 0.5836691856384277,
  "target_windspeed_10m_max": 7.365000247955322
}