{
  "target_temperature_2m_max": 24.067901611328125,
  "target_temperature_2m_min": 13.950321197509766,
  "target_temperature_2m_mean": 19.291501998901367,
  "target_will_rain": 0.5457238554954529,
  "target_windspeed_10m_max": 6.6432576179504395
}