{
  "target_temperature_2m_max": 18.095619201660156,
  "target_temperature_2m_min": 6.89714241027832,
  "target_temperature_2m_mean": 12.52627944946289,
  "target_will_rain": 0.5202552080154419,
  "target_windspeed_10m_max": 7.389235496520996
}