{
  "target_temperature_2m_max": 16.427614212036133,
  "target_temperature_2m_min": 5.586174964904785,
  "target_temperature_2m_mean": 11.05978012084961,
  "target_will_rain": 0.4649644196033478,
  "target_windspeed_10m_max": 7.2009477615356445
}