{
  "target_temperature_2m_max": 17.56362533569336,
  "target_temperature_2m_min": 6.5084099769592285,
  "target_temperature_2m_mean": 12.108438491821289,
  "target_will_rain": 0.530893087387085,
  "target_windspeed_10m_max": 7.384805679321289
}