{
  "target_temperature_2m_max": 13.341501235961914,
  "target_temperature_2m_min": 3.3618242740631104,
  "target_temperature_2m_mean": 8.452024459838867,
  "target_will_rain": 0.4902802109718323,
  "target_windspeed_10m_max": 6.74744987487793
}