{
  "target_temperature_2m_max": 18.828441619873047,
  "target_temperature_2m_min": 7.609441757202148,
  "target_temperature_2m_mean": 13.268566131591797,
  "target_will_rain": 0.5606206655502319,
  "target_windspeed_10m_max": 7.497948169708252
}