{
  "target_temperature_2m_max": 17.692033767700195,
  "target_temperature_2m_min": 6.634751319885254,
  "target_temperature_2m_mean": 12.209789276123047,
  "target_will_rain": 0.5402001142501831,
  "target_windspeed_10m_max": 7.3908915519714355
}