{
  "target_temperature_2m_max": 6.3093109130859375,
  "target_temperature_2m_min": 0.07316422462463379,
  "target_temperature_2m_mean": 3.5953426361083984,
  "target_will_rain": 0.5540057420730591,
  "target_windspeed_10m_max": 5.010554313659668
}