{
  "target_temperature_2m_max": 22.750720977783203,
  "target_temperature_2m_min": 11.901787757873535,
  "target_temperature_2m_mean": 17.471839904785156,
  "target_will_rain": 0.6321954727172852,
  "target_windspeed_10m_max": 7.360299587249756
}