{
  "target_temperature_2m_max": 18.06711769104004,
  "target_temperature_2m_min": 6.974818706512451,
  "target_temperature_2m_mean": 12.602054595947266,
  "target_will_rain": 0.51205974817276,
  "target_windspeed_10m_max": 7.4521050453186035
}