{
  "target_temperature_2m_max": 18.64766502380371,
  "target_temperature_2m_min": 7.399735450744629,
  "target_temperature_2m_mean": 13.059032440185547,
  "target_will_rain": 0.5342319011688232,
  "target_windspeed_10m_max": 7.453029155731201
}