{
  "target_temperature_2m_max": 22.95534896850586,
  "target_temperature_2m_min": 12.33578109741211,
  "target_temperature_2m_mean": 17.84140396118164,
  "target_will_rain": 0.541293203830719,
  "target_windspeed_10m_max": 6.955685138702393
}