{
  "target_temperature_2m_max": 16.357839584350586,
  "target_temperature_2m_min": 6.857632637023926,
  "target_temperature_2m_mean": 11.663806915283203,
  "target_will_rain": 0.3981873095035553,
  "target_windspeed_10m_max": 6.583195209503174
}