{
  "target_temperature_2m_max": 22.69256591796875,
  "target_temperature_2m_min": 12.13974380493164,
  "target_temperature_2m_mean": 17.583438873291016,
  "target_will_rain": 0.5467371344566345,
  "target_windspeed_10m_max": 6.923818588256836
}