{
  "target_temperature_2m_max": 19.83017349243164,
  "target_temperature_2m_min": 8.407812118530273,
  "target_temperature_2m_mean": 14.208968162536621,
  "target_will_rain": 0.5906258821487427,
  "target_windspeed_10m_max": 7.699594974517822
}