{
  "target_temperature_2m_max": 25.00981903076172,
  "target_temperature_2m_min": 15.327713012695312,
  "target_temperature_2m_mean": 20.333969116210938,
  "target_will_rain": 0.3865548074245453,
  "target_windspeed_10m_max": 6.438107490539551
}