{
  "target_temperature_2m_max": 23.928197860717773,
  "target_temperature_2m_min": 13.74893569946289,
  "target_temperature_2m_mean": 19.07904052734375,
  "target_will_rain": 0.4489978551864624,
  "target_windspeed_10m_max": 6.676187038421631
}