{
  "target_temperature_2m_max": 18.988595962524414,
  "target_temperature_2m_min": 7.651510238647461,
  "target_temperature_2m_mean": 13.348641395568848,
  "target_will_rain": 0.5565606951713562,
  "target_windspeed_10m_max": 7.5273356437683105
}