{
  "target_temperature_2m_max": 24.275802612304688,
  "target_temperature_2m_min": 14.336738586425781,
  "target_temperature_2m_mean": 19.538433074951172,
  "target_will_rain": 0.43701815605163574,
  "target_windspeed_10m_max": 6.5417070388793945
}