{
  "target_temperature_2m_max": 17.745189666748047,
  "target_temperature_2m_min": 6.795933723449707,
  "target_temperature_2m_mean": 12.338502883911133,
  "target_will_rain": 0.5448248982429504,
  "target_windspeed_10m_max": 7.3251633644104
}