{
  "target_temperature_2m_max": 25.006467819213867,
  "target_temperature_2m_min": 15.288959503173828,
  "target_temperature_2m_mean": 20.31955909729004,
  "target_will_rain": 0.38011544942855835,
  "target_windspeed_10m_max": 6.4168524742126465
}