{
  "target_temperature_2m_max": 17.375930786132812,
  "target_temperature_2m_min": 6.493866920471191,
  "target_temperature_2m_mean": 12.014894485473633,
  "target_will_rain": 0.5674732327461243,
  "target_windspeed_10m_max": 7.347878456115723
}