{
  "target_temperature_2m_max": 18.779497146606445,
  "target_temperature_2m_min": 7.535285472869873,
  "target_temperature_2m_mean": 13.214315414428711,
  "target_will_rain": 0.5206448435783386,
  "target_windspeed_10m_max": 7.515602111816406
}