{
  "target_temperature_2m_max": 22.418243408203125,
  "target_temperature_2m_min": 11.53559398651123,
  "target_temperature_2m_mean": 17.11400604248047,
  "target_will_rain": 0.608965277671814,
  "target_windspeed_10m_max": 7.302361488342285
}