{
  "target_temperature_2m_max": 18.175033569335938,
  "target_temperature_2m_min": 6.9564127922058105,
  "target_temperature_2m_mean": 12.675372123718262,
  "target_will_rain": 0.5925790071487427,
  "target_windspeed_10m_max": 7.62376594543457
}