{
  "target_temperature_2m_max": 18.565288543701172,
  "target_temperature_2m_min": 7.369744777679443,
  "target_temperature_2m_mean": 13.07926082611084,
  "target_will_rain": 0.6255228519439697,
  "target_windspeed_10m_max": 7.595022678375244
}