{
  "target_temperature_2m_max": 18.20854377746582,
  "target_temperature_2m_min": 6.866576671600342,
  "target_temperature_2m_mean": 12.628021240234375,
  "target_will_rain": 0.5399042963981628,
  "target_windspeed_10m_max": 7.536084175109863
}