{
  "target_temperature_2m_max": 18.158016204833984,
  "target_temperature_2m_min": 7.094837665557861,
  "target_temperature_2m_mean": 12.721680641174316,
  "target_will_rain": 0.5817588567733765,
  "target_windspeed_10m_max": 7.5071282386779785
}