{
  "target_temperature_2m_max": 18.89484214782715,
  "target_temperature_2m_min": 7.767683982849121,
  "target_temperature_2m_mean": 13.419547080993652,
  "target_will_rain": 0.5974630117416382,
  "target_windspeed_10m_max": 7.546062469482422
}