{
  "target_temperature_2m_max": 18.350566864013672,
  "target_temperature_2m_min": 7.174660682678223,
  "target_temperature_2m_mean": 12.846861839294434,
  "target_will_rain": 0.5371440052986145,
  "target_windspeed_10m_max": 7.552662372589111
}