{
  "target_temperature_2m_max": 17.717151641845703,
  "target_temperature_2m_min": 6.729424953460693,
  "target_temperature_2m_mean": 12.273069381713867,
  "target_will_rain": 0.519902229309082,
  "target_windspeed_10m_max": 7.325619697570801
}