{
  "target_temperature_2m_max": 19.20446014404297,
  "target_temperature_2m_min": 7.848221302032471,
  "target_temperature_2m_mean": 13.603660583496094,
  "target_will_rain": 0.5774011611938477,
  "target_windspeed_10m_max": 7.680394172668457
}