{
  "target_temperature_2m_max": 24.272991180419922,
  "target_temperature_2m_min": 14.381401062011719,
  "target_temperature_2m_mean": 19.522537231445312,
  "target_will_rain": 0.43454790115356445,
  "target_windspeed_10m_max": 6.435352802276611
}