{
  "target_temperature_2m_max": 22.431638717651367,
  "target_temperature_2m_min": 11.529120445251465,
  "target_temperature_2m_mean": 17.160381317138672,
  "target_will_rain": 0.5517405867576599,
  "target_windspeed_10m_max": 7.345115661621094
}