{
  "target_temperature_2m_max": 23.99722671508789,
  "target_temperature_2m_min": 13.79020881652832,
  "target_temperature_2m_mean": 19.090513229370117,
  "target_will_rain": 0.5218443274497986,
  "target_windspeed_10m_max": 6.829209804534912
}