{
  "target_temperature_2m_max": 10.666630744934082,
  "target_temperature_2m_min": 2.2972471714019775,
  "target_temperature_2m_mean": 6.871016502380371,
  "target_will_rain": 0.583667516708374,
  "target_windspeed_10m_max": 5.888238906860352
}