{
  "target_temperature_2m_max": 17.029308319091797,
  "target_temperature_2m_min": 6.02513313293457,
  "target_temperature_2m_mean": 11.626439094543457,
  "target_will_rain": 0.5358097553253174,
  "target_windspeed_10m_max": 7.305272102355957
}