{
  "target_temperature_2m_max": 19.50992774963379,
  "target_temperature_2m_min": 10.395252227783203,
  "target_temperature_2m_mean": 14.986676216125488,
  "target_will_rain": 0.5907081961631775,
  "target_windspeed_10m_max": 13.770672798156738
}