{
  "target_temperature_2m_max": 20.850305557250977,
  "target_temperature_2m_min": 12.117024421691895,
  "target_temperature_2m_mean": 16.478801727294922,
  "target_will_rain": 0.5456557869911194,
  "target_windspeed_10m_max": 13.238885879516602
}