{
  "target_temperature_2m_max": 11.472100257873535,
  "target_temperature_2m_min": 4.04495096206665,
  "target_temperature_2m_mean": 7.828393459320068,
  "target_will_rain": 0.6200452446937561,
  "target_windspeed_10m_max": 12.159357070922852
}