{
  "target_temperature_2m_max": 14.925999641418457,
  "target_temperature_2m_min": 6.639403820037842,
  "target_temperature_2m_mean": 10.716382026672363,
  "target_will_rain": 0.5664679408073425,
  "target_windspeed_10m_max": 12.925824165344238
}