{
  "target_temperature_2m_max": 11.502756118774414,
  "target_temperature_2m_min": 4.175477981567383,
  "target_temperature_2m_mean": 7.739126682281494,
  "target_will_rain": 0.47708526253700256,
  "target_windspeed_10m_max": 11.181056022644043
}