{
  "target_temperature_2m_max": 19.988603591918945,
  "target_temperature_2m_min": 11.253217697143555,
  "target_temperature_2m_mean": 15.634472846984863,
  "target_will_rain": 0.5694857239723206,
  "target_windspeed_10m_max": 13.257218360900879
}