{
  "target_temperature_2m_max": 21.144874572753906,
  "target_temperature_2m_min": 12.318756103515625,
  "target_temperature_2m_mean": 16.75126838684082,
  "target_will_rain": 0.527854323387146,
  "target_windspeed_10m_max": 13.201167106628418
}