{
  "target_temperature_2m_max": 18.407981872558594,
  "target_temperature_2m_min": 9.97097110748291,
  "target_temperature_2m_mean": 14.090272903442383,
  "target_will_rain": 0.5682821869850159,
  "target_windspeed_10m_max": 12.890304565429688
}