{
  "target_temperature_2m_max": 19.891326904296875,
  "target_temperature_2m_min": 10.760581016540527,
  "target_temperature_2m_mean": 15.245529174804688,
  "target_will_rain": 0.5878754258155823,
  "target_windspeed_10m_max": 13.85499095916748
}