{
  "target_temperature_2m_max": 15.911808013916016,
  "target_temperature_2m_min": 7.2088942527771,
  "target_temperature_2m_mean": 11.473342895507812,
  "target_will_rain": 0.625367283821106,
  "target_windspeed_10m_max": 13.44662857055664
}