{
  "target_temperature_2m_max": 22.058574676513672,
  "target_temperature_2m_min": 13.550361633300781,
  "target_temperature_2m_mean": 17.958675384521484,
  "target_will_rain": 0.4507070779800415,
  "target_windspeed_10m_max": 12.562273979187012
}