{
  "target_temperature_2m_max": 22.516462326049805,
  "target_temperature_2m_min": 13.98301887512207,
  "target_temperature_2m_mean": 18.49885368347168,
  "target_will_rain": 0.4681287109851837,
  "target_windspeed_10m_max": 12.543953895568848
}