{
  "target_temperature_2m_max": 15.892376899719238,
  "target_temperature_2m_min": 8.960634231567383,
  "target_temperature_2m_mean": 12.255159378051758,
  "target_will_rain": 0.35708916187286377,
  "target_windspeed_10m_max": 10.505781173706055
}