{
  "target_temperature_2m_max": 17.000871658325195,
  "target_temperature_2m_min": 8.27604866027832,
  "target_temperature_2m_mean": 12.540397644042969,
  "target_will_rain": 0.5975314378738403,
  "target_windspeed_10m_max": 13.382462501525879
}