{
  "target_temperature_2m_max": 20.670856475830078,
  "target_temperature_2m_min": 12.793546676635742,
  "target_temperature_2m_mean": 16.860689163208008,
  "target_will_rain": 0.42364832758903503,
  "target_windspeed_10m_max": 11.782968521118164
}