{
  "target_temperature_2m_max": 17.601102828979492,
  "target_temperature_2m_min": 8.70751953125,
  "target_temperature_2m_mean": 13.047550201416016,
  "target_will_rain": 0.6742781400680542,
  "target_windspeed_10m_max": 13.818890571594238
}