{
  "target_temperature_2m_max": 22.505521774291992,
  "target_temperature_2m_min": 14.384565353393555,
  "target_temperature_2m_mean": 18.703405380249023,
  "target_will_rain": 0.3960167467594147,
  "target_windspeed_10m_max": 11.99047565460205
}