{
  "target_temperature_2m_max": 22.7663516998291,
  "target_temperature_2m_min": 14.53908920288086,
  "target_temperature_2m_mean": 18.923978805541992,
  "target_will_rain": 0.410296767950058,
  "target_windspeed_10m_max": 12.162497520446777
}