{
  "target_temperature_2m_max": 7.3807573318481445,
  "target_temperature_2m_min": 1.877181053161621,
  "target_temperature_2m_mean": 4.799234390258789,
  "target_will_rain": 0.39975863695144653,
  "target_windspeed_10m_max": 8.501699447631836
}