{
  "target_temperature_2m_max": 11.304402351379395,
  "target_temperature_2m_min": 4.883403778076172,
  "target_temperature_2m_mean": 8.024139404296875,
  "target_will_rain": 0.36489492654800415,
  "target_windspeed_10m_max": 9.41590404510498
}