{
  "target_temperature_2m_max": 19.78788948059082,
  "target_temperature_2m_min": 10.856165885925293,
  "target_temperature_2m_mean": 15.391902923583984,
  "target_will_rain": 0.5416454076766968,
  "target_windspeed_10m_max": 13.288256645202637
}