{
  "target_temperature_2m_max": 15.793169975280762,
  "target_temperature_2m_min": 7.480721950531006,
  "target_temperature_2m_mean": 11.563371658325195,
  "target_will_rain": 0.6345935463905334,
  "target_windspeed_10m_max": 12.774781227111816
}