{
  "target_temperature_2m_max": 10.474496841430664,
  "target_temperature_2m_min": 5.015807628631592,
  "target_temperature_2m_mean": 7.600356578826904,
  "target_will_rain": 0.28829753398895264,
  "target_windspeed_10m_max": 8.046252250671387
}