{
  "target_temperature_2m_max": 18.35440444946289,
  "target_temperature_2m_min": 9.115094184875488,
  "target_temperature_2m_mean": 13.654492378234863,
  "target_will_rain": 0.5693930387496948,
  "target_windspeed_10m_max": 14.053179740905762
}