{
  "target_temperature_2m_max": 6.63707160949707,
  "target_temperature_2m_min": 2.010507822036743,
  "target_temperature_2m_mean": 4.225677967071533,
  "target_will_rain": 0.25395843386650085,
  "target_windspeed_10m_max": 6.917325973510742
}