{
  "target_temperature_2m_max": 21.444917678833008,
  "target_temperature_2m_min": 13.515594482421875,
  "target_temperature_2m_mean": 17.65317726135254,
  "target_will_rain": 0.3684835433959961,
  "target_windspeed_10m_max": 11.67187786102295
}