{
  "target_temperature_2m_max": 18.06355094909668,
  "target_temperature_2m_min": 9.031732559204102,
  "target_temperature_2m_mean": 13.461949348449707,
  "target_will_rain": 0.6045371294021606,
  "target_windspeed_10m_max": 13.87241268157959
}