{
  "target_temperature_2m_max": 17.830293655395508,
  "target_temperature_2m_min": 8.62249755859375,
  "target_temperature_2m_mean": 13.123876571655273,
  "target_will_rain": 0.614879310131073,
  "target_windspeed_10m_max": 14.132955551147461
}