{
  "target_temperature_2m_max": 1.0483686923980713,
  "target_temperature_2m_min": -1.6370725631713867,
  "target_temperature_2m_mean": -0.10598304122686386,
  "target_will_rain": 0.20603884756565094,
  "target_windspeed_10m_max": 4.111817359924316
}