{
  "target_temperature_2m_max": 20.26808738708496,
  "target_temperature_2m_min": 11.757593154907227,
  "target_temperature_2m_mean": 15.97216510772705,
  "target_will_rain": 0.5220428109169006,
  "target_windspeed_10m_max": 12.977581024169922
}