{
  "target_temperature_2m_max": 20.94369125366211,
  "target_temperature_2m_min": 12.07851505279541,
  "target_temperature_2m_mean": 16.63167381286621,
  "target_will_rain": 0.5679267644882202,
  "target_windspeed_10m_max": 13.241433143615723
}