{
  "target_temperature_2m_max": 15.651482582092285,
  "target_temperature_2m_min": 6.813305377960205,
  "target_temperature_2m_mean": 11.11689281463623,
  "target_will_rain": 0.6360263824462891,
  "target_windspeed_10m_max": 13.673453330993652
}