{
  "target_temperature_2m_max": 14.446480751037598,
  "target_temperature_2m_min": 7.138960361480713,
  "target_temperature_2m_mean": 10.797613143920898,
  "target_will_rain": 0.4344303607940674,
  "target_windspeed_10m_max": 11.055535316467285
}