{
  "target_temperature_2m_max": 7.575978755950928,
  "target_temperature_2m_min": 2.9526617527008057,
  "target_temperature_2m_mean": 5.196699142456055,
  "target_will_rain": 0.29689207673072815,
  "target_windspeed_10m_max": 6.814640998840332
}