{
  "target_temperature_2m_max": 7.587166786193848,
  "target_temperature_2m_min": 2.397376775741577,
  "target_temperature_2m_mean": 5.058537483215332,
  "target_will_rain": 0.40763095021247864,
  "target_windspeed_10m_max": 8.050658226013184
}