{
  "target_temperature_2m_max": 22.219511032104492,
  "target_temperature_2m_min": 13.746679306030273,
  "target_temperature_2m_mean": 18.19376564025879,
  "target_will_rain": 0.4718233644962311,
  "target_windspeed_10m_max": 12.547867774963379
}