{
  "target_temperature_2m_max": 19.00477409362793,
  "target_temperature_2m_min": 9.748059272766113,
  "target_temperature_2m_mean": 14.27724552154541,
  "target_will_rain": 0.624733567237854,
  "target_windspeed_10m_max": 14.124650001525879
}