{
  "target_temperature_2m_max": 7.467948913574219,
  "target_temperature_2m_min": 2.654689073562622,
  "target_temperature_2m_mean": 4.899224281311035,
  "target_will_rain": 0.27584877610206604,
  "target_windspeed_10m_max": 7.2176361083984375
}