{
  "target_temperature_2m_max": 9.143240928649902,
  "target_temperature_2m_min": 1.800190806388855,
  "target_temperature_2m_mean": 5.74001407623291,
  "target_will_rain": 0.5082374811172485,
  "target_windspeed_10m_max": 11.663796424865723
}