{
  "target_temperature_2m_max": 15.725086212158203,
  "target_temperature_2m_min": 6.891984462738037,
  "target_temperature_2m_mean": 11.185026168823242,
  "target_will_rain": 0.619698703289032,
  "target_windspeed_10m_max": 13.663708686828613
}