{
  "target_temperature_2m_max": 11.351073265075684,
  "target_temperature_2m_min": 3.635390043258667,
  "target_temperature_2m_mean": 7.5081281661987305,
  "target_will_rain": 0.5715296268463135,
  "target_windspeed_10m_max": 12.195931434631348
}