{
  "target_temperature_2m_max": 18.449373245239258,
  "target_temperature_2m_min": 9.31159782409668,
  "target_temperature_2m_mean": 13.840694427490234,
  "target_will_rain": 0.5990517735481262,
  "target_windspeed_10m_max": 13.979707717895508
}