{
  "target_temperature_2m_max": 0.30050021409988403,
  "target_temperature_2m_min": -1.211024522781372,
  "target_temperature_2m_mean": -0.6043049693107605,
  "target_will_rain": 0.09780894219875336,
  "target_windspeed_10m_max": 2.3596601486206055
}