{
  "target_temperature_2m_max": 21.187685012817383,
  "target_temperature_2m_min": 12.412887573242188,
  "target_temperature_2m_mean": 16.85251808166504,
  "target_will_rain": 0.5173453688621521,
  "target_windspeed_10m_max": 13.045294761657715
}