{
  "target_temperature_2m_max": 22.984134674072266,
  "target_temperature_2m_min": 14.610533714294434,
  "target_temperature_2m_mean": 19.081972122192383,
  "target_will_rain": 0.42376893758773804,
  "target_windspeed_10m_max": 12.390668869018555
}