{
  "target_temperature_2m_max": 13.667719841003418,
  "target_temperature_2m_min": 7.7889580726623535,
  "target_temperature_2m_mean": 10.562536239624023,
  "target_will_rain": 0.3162267506122589,
  "target_windspeed_10m_max": 8.940370559692383
}