{
  "target_temperature_2m_max": 16.289405822753906,
  "target_temperature_2m_min": 7.224551677703857,
  "target_temperature_2m_mean": 11.623628616333008,
  "target_will_rain": 0.6874231696128845,
  "target_windspeed_10m_max": 14.16777515411377
}