{
  "target_temperature_2m_max": 10.954388618469238,
  "target_temperature_2m_min": 3.5931026935577393,
  "target_temperature_2m_mean": 7.208802700042725,
  "target_will_rain": 0.6019369959831238,
  "target_windspeed_10m_max": 11.826737403869629
}