{
  "target_temperature_2m_max": 14.772614479064941,
  "target_temperature_2m_min": 8.125688552856445,
  "target_temperature_2m_mean": 11.309961318969727,
  "target_will_rain": 0.38362929224967957,
  "target_windspeed_10m_max": 10.022769927978516
}