{
  "target_temperature_2m_max": 22.307390213012695,
  "target_temperature_2m_min": 13.80341625213623,
  "target_temperature_2m_mean": 18.281583786010742,
  "target_will_rain": 0.4398431181907654,
  "target_windspeed_10m_max": 12.473769187927246
}