{
  "target_temperature_2m_max": 17.39835548400879,
  "target_temperature_2m_min": 8.34153938293457,
  "target_temperature_2m_mean": 12.750598907470703,
  "target_will_rain": 0.6404343843460083,
  "target_windspeed_10m_max": 13.972023963928223
}