{
  "target_temperature_2m_max": 9.765898704528809,
  "target_temperature_2m_min": 3.441240072250366,
  "target_temperature_2m_mean": 6.6750712394714355,
  "target_will_rain": 0.46398136019706726,
  "target_windspeed_10m_max": 10.103751182556152
}