{
  "target_temperature_2m_max": 17.552961349487305,
  "target_temperature_2m_min": 8.537588119506836,
  "target_temperature_2m_mean": 12.954580307006836,
  "target_will_rain": 0.5889317393302917,
  "target_windspeed_10m_max": 13.888720512390137
}