{
  "target_temperature_2m_max": 15.270604133605957,
  "target_temperature_2m_min": 6.797390937805176,
  "target_temperature_2m_mean": 10.950510025024414,
  "target_will_rain": 0.7456591725349426,
  "target_windspeed_10m_max": 13.427448272705078
}