{
  "target_temperature_2m_max": 21.876726150512695,
  "target_temperature_2m_min": 13.457902908325195,
  "target_temperature_2m_mean": 17.84086036682129,
  "target_will_rain": 0.43775686621665955,
  "target_windspeed_10m_max": 12.423077583312988
}