{
  "target_temperature_2m_max": 17.8968563079834,
  "target_temperature_2m_min": 8.86140251159668,
  "target_temperature_2m_mean": 13.274450302124023,
  "target_will_rain": 0.699205219745636,
  "target_windspeed_10m_max": 13.98803997039795
}