{
  "target_temperature_2m_max": 13.515397071838379,
  "target_temperature_2m_min": 7.5517473220825195,
  "target_temperature_2m_mean": 10.52649974822998,
  "target_will_rain": 0.31648531556129456,
  "target_windspeed_10m_max": 8.714715957641602
}