{
  "target_temperature_2m_max": 18.712953567504883,
  "target_temperature_2m_min": 11.499479293823242,
  "target_temperature_2m_mean": 15.11413288116455,
  "target_will_rain": 0.30927684903144836,
  "target_windspeed_10m_max": 10.681998252868652
}