{
  "target_temperature_2m_max": 15.594949722290039,
  "target_temperature_2m_min": 6.798177719116211,
  "target_temperature_2m_mean": 11.064188003540039,
  "target_will_rain": 0.5860846042633057,
  "target_windspeed_10m_max": 13.668618202209473
}