{
  "target_temperature_2m_max": 21.742219924926758,
  "target_temperature_2m_min": 13.09317398071289,
  "target_temperature_2m_mean": 17.53795051574707,
  "target_will_rain": 0.4842033386230469,
  "target_windspeed_10m_max": 12.819379806518555
}