{
  "target_temperature_2m_max": 17.341279983520508,
  "target_temperature_2m_min": 8.541419982910156,
  "target_temperature_2m_mean": 12.858375549316406,
  "target_will_rain": 0.5533897280693054,
  "target_windspeed_10m_max": 13.380885124206543
}