{
  "target_temperature_2m_max": 4.5845561027526855,
  "target_temperature_2m_min": 1.3106634616851807,
  "target_temperature_2m_mean": 2.8056647777557373,
  "target_will_rain": 0.23611025512218475,
  "target_windspeed_10m_max": 4.983635902404785
}