{
  "target_temperature_2m_max": 22.429841995239258,
  "target_temperature_2m_min": 14.035575866699219,
  "target_temperature_2m_mean": 18.468727111816406,
  "target_will_rain": 0.4333660304546356,
  "target_windspeed_10m_max": 12.376777648925781
}