{
  "target_temperature_2m_max": 14.03319263458252,
  "target_temperature_2m_min": 8.582839965820312,
  "target_temperature_2m_mean": 11.10457992553711,
  "target_will_rain": 0.2588866949081421,
  "target_windspeed_10m_max": 8.286170959472656
}