{
  "target_temperature_2m_max": 9.147416114807129,
  "target_temperature_2m_min": 1.802811622619629,
  "target_temperature_2m_mean": 5.743214130401611,
  "target_will_rain": 0.5082951188087463,
  "target_windspeed_10m_max": 11.666168212890625
}