{
  "target_temperature_2m_max": 11.86910629272461,
  "target_temperature_2m_min": 4.665912628173828,
  "target_temperature_2m_mean": 8.199373245239258,
  "target_will_rain": 0.5267074704170227,
  "target_windspeed_10m_max": 11.296659469604492
}