{
  "target_temperature_2m_max": 12.014761924743652,
  "target_temperature_2m_min": 4.184432506561279,
  "target_temperature_2m_mean": 8.141864776611328,
  "target_will_rain": 0.7365720868110657,
  "target_windspeed_10m_max": 13.029440879821777
}