{
  "target_temperature_2m_max": 19.323806762695312,
  "target_temperature_2m_min": 10.278533935546875,
  "target_temperature_2m_mean": 14.716045379638672,
  "target_will_rain": 0.6198750138282776,
  "target_windspeed_10m_max": 13.814546585083008
}