{
  "target_temperature_2m_max": 19.383459091186523,
  "target_temperature_2m_min": 10.148348808288574,
  "target_temperature_2m_mean": 14.692126274108887,
  "target_will_rain": 0.6356012225151062,
  "target_windspeed_10m_max": 14.198386192321777
}