{
  "target_temperature_2m_max": 21.404874801635742,
  "target_temperature_2m_min": 13.401674270629883,
  "target_temperature_2m_mean": 17.61057472229004,
  "target_will_rain": 0.37470105290412903,
  "target_windspeed_10m_max": 11.72372817993164
}