{
  "target_temperature_2m_max": 17.023128509521484,
  "target_temperature_2m_min": 7.806563854217529,
  "target_temperature_2m_mean": 12.2685546875,
  "target_will_rain": 0.5129026174545288,
  "target_windspeed_10m_max": 13.904899597167969
}