{
  "target_temperature_2m_max": 21.85292625427246,
  "target_temperature_2m_min": 13.889044761657715,
  "target_temperature_2m_mean": 18.080564498901367,
  "target_will_rain": 0.36850103735923767,
  "target_windspeed_10m_max": 11.7529878616333
}