{
  "target_temperature_2m_max": 13.534259796142578,
  "target_temperature_2m_min": 8.054267883300781,
  "target_temperature_2m_mean": 10.961541175842285,
  "target_will_rain": 0.46412792801856995,
  "target_windspeed_10m_max": 16.030488967895508
}