{
  "target_temperature_2m_max": 14.348533630371094,
  "target_temperature_2m_min": 8.7023286819458,
  "target_temperature_2m_mean": 11.633728981018066,
  "target_will_rain": 0.44289281964302063,
  "target_windspeed_10m_max": 16.20377540588379
}