{
  "target_temperature_2m_max": 13.35347843170166,
  "target_temperature_2m_min": 3.275073528289795,
  "target_temperature_2m_mean": 8.260099411010742,
  "target_will_rain": 0.42159751057624817,
  "target_windspeed_10m_max": 22.244308471679688
}