{
  "target_temperature_2m_max": 15.937981605529785,
  "target_temperature_2m_min": 6.055095672607422,
  "target_temperature_2m_mean": 11.036974906921387,
  "target_will_rain": 0.36364009976387024,
  "target_windspeed_10m_max": 22.453208923339844
}