{
  "target_temperature_2m_max": 14.666071891784668,
  "target_temperature_2m_min": 6.123923301696777,
  "target_temperature_2m_mean": 10.305290222167969,
  "target_will_rain": 0.5116382837295532,
  "target_windspeed_10m_max": 15.749528884887695
}