{
  "target_temperature_2m_max": 4.138091087341309,
  "target_temperature_2m_min": -0.02564287930727005,
  "target_temperature_2m_mean": 2.092352867126465,
  "target_will_rain": 0.2568359971046448,
  "target_windspeed_10m_max": 8.126636505126953
}