{
  "target_temperature_2m_max": 17.170610427856445,
  "target_temperature_2m_min": 8.977333068847656,
  "target_temperature_2m_mean": 13.46944522857666,
  "target_will_rain": 0.3759082853794098,
  "target_windspeed_10m_max": 12.615777969360352
}