{
  "target_temperature_2m_max": 11.57131290435791,
  "target_temperature_2m_min": 5.21124792098999,
  "target_temperature_2m_mean": 8.69604778289795,
  "target_will_rain": 0.312480628490448,
  "target_windspeed_10m_max": 9.588096618652344
}