{
  "target_temperature_2m_max": 12.24461841583252,
  "target_temperature_2m_min": 6.356781005859375,
  "target_temperature_2m_mean": 9.46041488647461,
  "target_will_rain": 0.5342398285865784,
  "target_windspeed_10m_max": 11.043225288391113
}