{
  "target_temperature_2m_max": 17.9970760345459,
  "target_temperature_2m_min": 11.075339317321777,
  "target_temperature_2m_mean": 14.829599380493164,
  "target_will_rain": 0.5750748515129089,
  "target_windspeed_10m_max": 12.654829978942871
}