{
  "target_temperature_2m_max": 15.647857666015625,
  "target_temperature_2m_min": 7.106318473815918,
  "target_temperature_2m_mean": 11.254417419433594,
  "target_will_rain": 0.6574885845184326,
  "target_windspeed_10m_max": 9.753427505493164
}