{
  "target_temperature_2m_max": 10.422042846679688,
  "target_temperature_2m_min": 3.7848827838897705,
  "target_temperature_2m_mean": 7.017480850219727,
  "target_will_rain": 0.4273405969142914,
  "target_windspeed_10m_max": 7.643643856048584
}