{
  "target_temperature_2m_max": 11.390191078186035,
  "target_temperature_2m_min": 5.639355182647705,
  "target_temperature_2m_mean": 8.50645923614502,
  "target_will_rain": 0.3496098220348358,
  "target_windspeed_10m_max": 6.197170257568359
}