{
  "target_temperature_2m_max": 14.756906509399414,
  "target_temperature_2m_min": 7.9525346755981445,
  "target_temperature_2m_mean": 11.370759010314941,
  "target_will_rain": 0.25829583406448364,
  "target_windspeed_10m_max": 6.783055782318115
}