{
  "target_temperature_2m_max": 18.20124053955078,
  "target_temperature_2m_min": 10.322492599487305,
  "target_temperature_2m_mean": 14.579902648925781,
  "target_will_rain": 0.3629307150840759,
  "target_windspeed_10m_max": 13.362226486206055
}