{
  "target_temperature_2m_max": 8.808716773986816,
  "target_temperature_2m_min": 4.1723432540893555,
  "target_temperature_2m_mean": 6.508398532867432,
  "target_will_rain": 0.31735098361968994,
  "target_windspeed_10m_max": 8.59393310546875
}