{
  "target_temperature_2m_max": 16.868078231811523,
  "target_temperature_2m_min": 5.999279975891113,
  "target_temperature_2m_mean": 11.482044219970703,
  "target_will_rain": 0.5065235495567322,
  "target_windspeed_10m_max": 7.169540882110596
}