{
  "target_temperature_2m_max": 19.530757904052734,
  "target_temperature_2m_min": 8.319953918457031,
  "target_temperature_2m_mean": 13.974226951599121,
  "target_will_rain": 0.5476984977722168,
  "target_windspeed_10m_max": 7.425127029418945
}