{
  "target_temperature_2m_max": 0.4862613379955292,
  "target_temperature_2m_min": -1.3322380781173706,
  "target_temperature_2m_mean": -0.4463447332382202,
  "target_will_rain": 0.14847247302532196,
  "target_windspeed_10m_max": 2.8584179878234863
}