{
  "target_temperature_2m_max": 15.574810981750488,
  "target_temperature_2m_min": 6.83964204788208,
  "target_temperature_2m_mean": 11.110806465148926,
  "target_will_rain": 0.6042094826698303,
  "target_windspeed_10m_max": 13.399880409240723
}